Experience,Age,Salary,Education_Bachelor,Education_Diploma,Education_Masters,Education_PhD,Job_Title_AI Engineer,Job_Title_Analyst,Job_Title_Cloud Engineer,Job_Title_Director,Job_Title_Manager,Job_Title_Software Developer,Job_Title_Web Developer
8,63,58452,0,1,0,0,0,0,0,0,1,0,0
11,59,116411,0,0,0,1,0,0,0,1,0,0,0
28,61,122353,1,0,0,0,0,0,0,0,1,0,0
29,45,113815,0,1,0,0,0,0,0,1,0,0,0
25,26,65619,0,0,0,1,0,1,0,0,0,0,0
19,27,144239,0,0,0,1,0,0,0,1,0,0,0
4,60,87096,0,0,0,1,0,0,0,1,0,0,0
13,49,114833,0,0,0,1,0,0,0,1,0,0,0
14,58,49885,0,0,0,1,0,1,0,0,0,0,0
1,27,69113,0,0,1,0,0,0,0,1,0,0,0
11,63,59973,0,1,0,0,0,0,0,0,1,0,0
4,43,68766,0,0,0,1,0,0,0,0,1,0,0
7,44,89420,0,0,1,0,0,0,0,1,0,0,0
28,49,89200,0,1,0,0,1,0,0,0,0,0,0
4,37,23110,0,1,0,0,0,1,0,0,0,0,0
26,63,107200,0,1,0,0,0,0,0,1,0,0,0
7,53,89596,0,0,1,0,0,0,0,1,0,0,0
20,34,49304,1,0,0,0,0,1,0,0,0,0,0
3,62,52580,0,0,1,0,0,0,1,0,0,0,0
19,62,61101,0,0,0,1,0,1,0,0,0,0,0
19,36,135971,0,0,0,1,0,0,0,1,0,0,0
7,21,38656,0,0,1,0,0,1,0,0,0,0,0
21,62,80168,0,1,0,0,0,0,0,0,1,0,0
23,35,105824,1,0,0,0,0,0,0,0,1,0,0
1,36,32096,1,0,0,0,0,0,0,0,0,0,1
5,28,63256,1,0,0,0,0,0,0,0,1,0,0
14,61,32426,0,1,0,0,0,1,0,0,0,0,0
10,40,54498,1,0,0,0,0,0,0,0,0,1,0
3,63,23533,0,1,0,0,0,1,0,0,0,0,0
2,45,40894,0,0,0,1,0,0,0,0,0,0,1
16,59,132441,0,0,0,1,0,0,0,1,0,0,0
2,26,75406,0,0,1,0,0,0,0,1,0,0,0
13,50,115787,0,0,0,1,0,0,0,1,0,0,0
6,33,64378,0,1,0,0,0,0,0,1,0,0,0
7,40,85878,0,0,1,0,0,0,0,1,0,0,0
2,31,78340,0,0,0,1,0,0,0,1,0,0,0
11,31,31113,0,1,0,0,0,1,0,0,0,0,0
7,25,69056,1,0,0,0,0,0,0,0,1,0,0
7,36,48092,0,0,0,1,0,0,0,0,0,0,1
7,33,35431,1,0,0,0,0,1,0,0,0,0,0
7,28,40960,0,0,0,1,0,1,0,0,0,0,0
12,47,46190,0,0,0,1,0,1,0,0,0,0,0
19,26,53247,0,0,1,0,0,1,0,0,0,0,0
22,64,128873,0,0,0,1,0,0,0,0,1,0,0
19,62,79570,0,1,0,0,0,0,0,0,1,0,0
20,60,85724,1,0,0,0,1,0,0,0,0,0,0
3,61,28084,1,0,0,0,0,1,0,0,0,0,0
13,35,72224,0,0,0,1,0,0,0,0,0,1,0
20,59,59778,0,0,0,1,0,1,0,0,0,0,0
9,57,58554,0,0,1,0,0,0,0,0,0,1,0
6,26,39547,0,1,0,0,0,0,1,0,0,0,0
21,49,147097,0,0,0,1,0,0,0,1,0,0,0
22,45,60783,0,0,0,1,0,1,0,0,0,0,0
12,32,90266,0,0,1,0,0,0,0,0,1,0,0
2,20,33255,0,0,0,1,0,1,0,0,0,0,0
12,48,85610,0,0,1,0,0,0,0,0,1,0,0
16,27,90398,0,0,0,1,0,0,1,0,0,0,0
16,64,51945,0,0,1,0,0,1,0,0,0,0,0
13,27,52143,0,1,0,0,0,0,1,0,0,0,0
22,60,84770,0,1,0,0,0,0,0,0,1,0,0
25,46,87187,0,1,0,0,0,0,0,0,1,0,0
19,60,50002,1,0,0,0,0,1,0,0,0,0,0
26,42,88651,1,0,0,0,0,0,1,0,0,0,0
14,34,67810,0,0,1,0,0,0,0,0,0,1,0
29,51,95537,0,1,0,0,0,0,0,0,1,0,0
13,41,68083,0,1,0,0,0,0,0,0,1,0,0
10,27,73672,1,0,0,0,0,0,0,0,1,0,0
22,56,144325,0,0,0,1,0,0,0,1,0,0,0
7,36,42854,0,1,0,0,0,0,1,0,0,0,0
5,26,64576,1,0,0,0,0,0,0,0,1,0,0
17,62,99266,0,0,1,0,0,0,0,0,1,0,0
9,40,71617,0,0,1,0,1,0,0,0,0,0,0
27,58,161697,0,0,0,1,0,0,0,1,0,0,0
6,24,37075,0,1,0,0,0,0,0,0,0,1,0
16,36,109662,1,0,0,0,0,0,0,1,0,0,0
6,54,31456,1,0,0,0,0,1,0,0,0,0,0
6,34,53885,0,0,0,1,0,0,0,0,0,1,0
28,59,84847,1,0,0,0,0,0,0,0,0,1,0
18,35,49305,1,0,0,0,0,1,0,0,0,0,0
1,44,36322,0,0,0,1,0,0,0,0,0,0,1
17,34,51240,0,0,1,0,0,1,0,0,0,0,0
17,30,137157,0,0,0,1,0,0,0,1,0,0,0
1,24,38151,0,0,0,1,0,0,0,0,0,0,1
11,40,42672,0,0,1,0,0,1,0,0,0,0,0
13,61,93919,0,0,1,0,0,0,0,0,1,0,0
1,60,77638,0,0,0,1,0,0,0,1,0,0,0
27,31,116976,0,1,0,0,0,0,0,1,0,0,0
8,49,75932,0,0,1,0,0,0,0,0,1,0,0
20,64,51456,1,0,0,0,0,1,0,0,0,0,0
6,46,49678,0,1,0,0,0,0,0,0,1,0,0
5,47,41748,1,0,0,0,0,0,0,0,0,1,0
5,22,60624,0,1,0,0,0,0,0,1,0,0,0
6,43,56561,0,0,0,1,0,0,0,0,0,1,0
29,48,61331,0,1,0,0,0,0,0,0,0,0,1
13,38,105169,0,0,1,0,0,0,0,1,0,0,0
20,56,138906,0,0,0,1,0,0,0,1,0,0,0
13,37,76347,0,1,0,0,0,0,0,1,0,0,0
7,44,95988,0,0,0,1,0,0,0,1,0,0,0
8,45,26926,0,1,0,0,0,1,0,0,0,0,0
21,63,59336,0,1,0,0,0,0,0,0,0,1,0
17,32,75963,0,1,0,0,0,0,0,0,1,0,0
1,54,21729,0,1,0,0,0,1,0,0,0,0,0
24,41,116297,0,0,1,0,0,0,0,0,1,0,0
16,29,51833,0,0,0,1,0,1,0,0,0,0,0
11,56,52027,0,1,0,0,0,0,1,0,0,0,0
29,63,183199,0,0,0,1,0,0,0,1,0,0,0
4,61,68667,0,0,1,0,0,0,0,0,1,0,0
4,26,34563,0,0,0,1,0,1,0,0,0,0,0
17,37,102514,0,0,0,1,1,0,0,0,0,0,0
17,51,57106,1,0,0,0,0,0,0,0,0,0,1
10,64,38260,1,0,0,0,0,1,0,0,0,0,0
21,26,122259,1,0,0,0,0,0,0,1,0,0,0
21,36,40264,0,1,0,0,0,1,0,0,0,0,0
6,50,31669,1,0,0,0,0,1,0,0,0,0,0
25,48,53753,1,0,0,0,0,1,0,0,0,0,0
25,31,134786,1,0,0,0,0,0,0,1,0,0,0
17,52,112825,0,0,0,1,0,0,0,0,1,0,0
18,58,39484,0,1,0,0,0,1,0,0,0,0,0
22,45,104097,0,0,0,1,0,0,1,0,0,0,0
26,58,116036,1,0,0,0,0,0,0,0,1,0,0
10,49,75537,0,0,1,0,1,0,0,0,0,0,0
16,39,44080,1,0,0,0,0,1,0,0,0,0,0
7,32,70668,0,0,1,0,0,0,0,0,1,0,0
15,38,35444,0,1,0,0,0,1,0,0,0,0,0
2,20,37392,0,0,1,0,0,0,0,0,0,0,1
5,61,24545,0,1,0,0,0,1,0,0,0,0,0
17,42,114318,1,0,0,0,0,0,0,1,0,0,0
5,37,90274,0,0,0,1,0,0,0,1,0,0,0
8,62,38558,0,0,1,0,0,1,0,0,0,0,0
15,38,34811,0,1,0,0,0,1,0,0,0,0,0
8,25,43543,0,0,0,1,0,1,0,0,0,0,0
23,34,131381,1,0,0,0,0,0,0,1,0,0,0
3,30,58382,1,0,0,0,0,0,0,0,1,0,0
23,49,62031,0,0,0,1,0,1,0,0,0,0,0
17,39,77444,0,1,0,0,0,0,0,0,1,0,0
28,54,66662,0,0,1,0,0,1,0,0,0,0,0
16,28,129343,0,0,0,1,0,0,0,1,0,0,0
19,46,71395,0,0,1,0,0,0,0,0,0,1,0
12,38,93944,0,0,0,1,0,0,0,0,1,0,0
15,27,110158,0,0,0,1,0,0,0,0,1,0,0
8,62,92267,0,0,1,0,0,0,0,1,0,0,0
27,49,96026,1,0,0,0,0,0,1,0,0,0,0
3,55,75634,0,0,1,0,0,0,0,1,0,0,0
23,35,59198,0,0,1,0,0,1,0,0,0,0,0
4,23,62841,0,0,1,0,0,0,0,0,1,0,0
8,26,41895,0,0,0,1,0,1,0,0,0,0,0
28,57,79713,0,0,1,0,0,0,0,0,0,0,1
17,44,51731,0,0,1,0,0,1,0,0,0,0,0
6,55,39870,0,0,0,1,0,1,0,0,0,0,0
5,23,50420,0,1,0,0,0,0,0,0,1,0,0
22,27,54671,1,0,0,0,0,1,0,0,0,0,0
14,47,46643,0,0,1,0,0,1,0,0,0,0,0
6,22,98228,0,0,0,1,0,0,0,1,0,0,0
20,27,136388,0,0,1,0,0,0,0,1,0,0,0
12,30,79106,1,0,0,0,0,0,0,0,1,0,0
9,25,81901,0,0,1,0,0,0,0,0,1,0,0
1,60,54343,1,0,0,0,0,0,0,0,1,0,0
18,42,36791,0,1,0,0,0,1,0,0,0,0,0
6,63,34049,0,0,1,0,0,1,0,0,0,0,0
5,26,37926,0,0,0,1,0,1,0,0,0,0,0
2,48,22256,0,1,0,0,0,1,0,0,0,0,0
6,25,37807,0,0,0,1,0,1,0,0,0,0,0
17,60,116720,0,0,1,0,0,0,0,1,0,0,0
7,30,77199,0,0,0,1,0,0,0,0,1,0,0
25,27,89062,0,1,0,0,0,0,0,0,1,0,0
9,49,29252,0,1,0,0,0,1,0,0,0,0,0
23,56,103505,0,0,1,0,1,0,0,0,0,0,0
20,38,91369,0,1,0,0,0,0,0,1,0,0,0
5,22,69246,0,0,1,0,0,0,0,0,1,0,0
21,61,149736,0,0,0,1,0,0,0,1,0,0,0
11,49,41049,0,0,1,0,0,1,0,0,0,0,0
11,52,99899,0,0,1,0,0,0,0,1,0,0,0
28,45,144092,0,0,0,1,0,0,0,0,1,0,0
4,56,58469,0,1,0,0,0,0,0,1,0,0,0
23,39,105846,0,1,0,0,0,0,0,1,0,0,0
29,52,60051,0,1,0,0,0,0,0,0,0,0,1
6,47,79445,1,0,0,0,0,0,0,1,0,0,0
27,46,127512,0,0,1,0,0,0,0,0,1,0,0
10,48,57270,0,1,0,0,0,0,0,0,1,0,0
9,43,75078,1,0,0,0,0,0,0,0,1,0,0
29,38,138125,0,0,1,0,0,0,0,0,1,0,0
9,41,40572,0,0,1,0,0,1,0,0,0,0,0
28,54,137991,0,0,0,1,0,0,0,0,1,0,0
2,49,42871,0,1,0,0,0,0,0,0,1,0,0
15,54,66645,0,1,0,0,0,0,0,0,1,0,0
6,34,38137,0,1,0,0,0,0,0,0,0,1,0
25,62,81116,0,0,0,1,0,0,0,0,0,0,1
17,50,134719,0,0,0,1,0,0,0,1,0,0,0
4,29,24940,0,1,0,0,0,1,0,0,0,0,0
8,47,77934,0,0,1,0,0,0,0,0,1,0,0
29,27,96552,0,0,1,0,0,0,0,0,0,1,0
2,32,51670,0,1,0,0,0,0,0,1,0,0,0
24,49,88131,0,1,0,0,0,0,0,0,1,0,0
9,56,43532,0,0,0,1,0,1,0,0,0,0,0
1,58,21012,0,1,0,0,0,1,0,0,0,0,0
24,48,69145,1,0,0,0,0,0,0,0,0,0,1
6,41,34796,0,0,1,0,0,1,0,0,0,0,0
16,43,86488,0,1,0,0,0,0,0,1,0,0,0
27,57,78360,0,1,0,0,0,0,1,0,0,0,0
26,40,143799,0,0,0,1,0,0,0,0,1,0,0
26,33,91541,1,0,0,0,0,0,1,0,0,0,0
7,60,98591,0,0,0,1,0,0,0,1,0,0,0
25,61,107508,0,1,0,0,0,0,0,1,0,0,0
16,28,90785,1,0,0,0,0,0,0,0,1,0,0
6,59,79426,1,0,0,0,0,0,0,1,0,0,0
10,64,38369,1,0,0,0,0,1,0,0,0,0,0
18,29,115809,0,0,0,1,0,0,0,0,1,0,0
17,37,77342,0,1,0,0,0,0,0,0,1,0,0
17,45,93134,0,1,0,0,0,0,0,1,0,0,0
12,43,64149,0,1,0,0,0,0,0,0,1,0,0
15,60,85480,1,0,0,0,0,0,0,0,1,0,0
6,30,32848,1,0,0,0,0,1,0,0,0,0,0
23,46,102193,0,0,1,0,1,0,0,0,0,0,0
20,33,104298,1,0,0,0,0,0,0,0,1,0,0
16,51,37562,0,1,0,0,0,1,0,0,0,0,0
23,41,45113,0,1,0,0,0,1,0,0,0,0,0
14,53,44120,1,0,0,0,0,1,0,0,0,0,0
12,52,97955,1,0,0,0,0,0,0,1,0,0,0
2,63,33253,1,0,0,0,0,0,0,0,0,0,1
8,26,104906,0,0,0,1,0,0,0,1,0,0,0
24,54,56434,1,0,0,0,0,1,0,0,0,0,0
27,50,48625,0,1,0,0,0,1,0,0,0,0,0
17,46,45610,0,1,0,0,0,0,0,0,0,0,1
8,58,28282,0,1,0,0,0,1,0,0,0,0,0
16,56,128752,0,0,0,1,0,0,0,1,0,0,0
23,37,63592,0,0,0,1,0,1,0,0,0,0,0
1,32,46630,1,0,0,0,1,0,0,0,0,0,0
5,59,40669,0,0,1,0,0,0,0,0,0,0,1
19,45,60784,1,0,0,0,0,0,0,0,0,0,1
22,58,132247,1,0,0,0,0,0,0,1,0,0,0
3,50,52525,0,0,0,1,0,0,1,0,0,0,0
9,61,55335,0,1,0,0,0,0,0,0,1,0,0
11,56,72417,0,1,0,0,0,0,0,1,0,0,0
6,58,80851,0,0,0,1,0,0,0,0,1,0,0
7,48,83445,1,0,0,0,0,0,0,1,0,0,0
7,62,92503,0,0,1,0,0,0,0,1,0,0,0
5,43,62092,0,1,0,0,0,0,0,1,0,0,0
2,35,43931,0,0,1,0,0,0,0,0,0,1,0
22,58,146270,0,0,0,1,0,0,0,1,0,0,0
28,58,141163,0,0,0,1,0,0,0,0,1,0,0
5,42,35450,0,0,1,0,0,1,0,0,0,0,0
6,27,37979,0,0,0,1,0,1,0,0,0,0,0
6,57,80491,1,0,0,0,0,0,0,1,0,0,0
7,22,48256,1,0,0,0,0,0,0,0,0,1,0
4,33,73754,1,0,0,0,0,0,0,1,0,0,0
25,40,141120,0,0,0,1,0,0,0,0,1,0,0
18,49,54169,0,0,1,0,0,1,0,0,0,0,0
16,52,72925,0,1,0,0,0,0,0,0,1,0,0
21,39,80834,0,1,0,0,0,0,0,0,1,0,0
19,64,49179,1,0,0,0,0,1,0,0,0,0,0
10,64,40716,0,1,0,0,0,0,0,0,0,1,0
24,42,132690,0,0,0,1,0,0,0,0,1,0,0
5,42,33631,0,0,1,0,0,1,0,0,0,0,0
18,64,82114,0,0,0,1,0,0,0,0,0,1,0
25,57,140965,0,0,0,1,0,0,0,0,1,0,0
3,54,60174,0,0,1,0,0,0,0,0,1,0,0
20,58,80021,0,1,0,0,0,0,0,0,1,0,0
4,41,67788,0,0,1,0,0,0,0,0,1,0,0
14,48,120905,0,0,0,1,0,0,0,1,0,0,0
12,54,78924,0,0,1,0,1,0,0,0,0,0,0
5,37,31112,1,0,0,0,0,1,0,0,0,0,0
18,54,112359,1,0,0,0,0,0,0,1,0,0,0
27,63,67077,0,0,0,1,0,1,0,0,0,0,0
7,33,39493,0,0,0,1,0,1,0,0,0,0,0
16,37,44059,0,1,0,0,0,0,0,0,0,0,1
3,51,35325,0,0,0,1,0,1,0,0,0,0,0
22,41,103562,0,1,0,0,0,0,0,1,0,0,0
21,54,84378,0,1,0,0,0,0,0,0,1,0,0
26,58,95368,0,0,0,1,0,0,0,0,0,1,0
18,51,59176,1,0,0,0,0,0,0,0,0,0,1
6,48,63262,1,0,0,0,0,0,0,0,1,0,0
26,58,95220,0,1,0,0,0,0,0,0,1,0,0
22,57,70462,0,1,0,0,0,0,1,0,0,0,0
24,27,60549,0,0,1,0,0,1,0,0,0,0,0
5,23,72518,0,0,0,1,0,0,0,0,1,0,0
5,41,78317,0,0,0,1,0,0,0,0,1,0,0
16,41,45321,1,0,0,0,0,1,0,0,0,0,0
3,46,55541,0,0,0,1,0,0,1,0,0,0,0
3,48,69088,0,0,0,1,0,0,0,0,1,0,0
2,52,36617,0,0,1,0,0,0,0,0,0,0,1
15,57,71917,0,1,0,0,0,0,0,0,1,0,0
20,53,71318,1,0,0,0,0,0,0,0,0,1,0
17,55,53852,1,0,0,0,0,0,0,0,0,0,1
12,52,100530,0,0,0,1,0,0,0,0,1,0,0
2,59,33890,0,0,0,1,0,1,0,0,0,0,0
26,37,142047,0,0,0,1,0,0,0,0,1,0,0
2,29,55853,1,0,0,0,0,0,0,0,1,0,0
14,55,82152,1,0,0,0,0,0,0,0,1,0,0
7,64,81819,1,0,0,0,0,0,0,1,0,0,0
26,42,137804,0,0,0,1,0,0,0,0,1,0,0
14,42,48989,0,0,1,0,0,1,0,0,0,0,0
7,29,38662,0,0,1,0,0,1,0,0,0,0,0
17,63,92007,0,1,0,0,0,0,0,1,0,0,0
27,62,72623,0,0,0,1,0,1,0,0,0,0,0
4,24,72364,1,0,0,0,0,0,0,1,0,0,0
27,27,112556,0,0,1,0,1,0,0,0,0,0,0
15,39,103470,0,0,0,1,0,0,0,0,1,0,0
27,58,61154,1,0,0,0,0,1,0,0,0,0,0
3,33,80788,0,0,0,1,0,0,0,1,0,0,0
6,31,38068,0,0,0,1,0,1,0,0,0,0,0
26,43,60227,1,0,0,0,0,1,0,0,0,0,0
8,58,35160,1,0,0,0,0,1,0,0,0,0,0
16,31,44906,1,0,0,0,0,1,0,0,0,0,0
15,60,71861,0,1,0,0,0,0,0,0,1,0,0
4,51,33135,0,0,1,0,0,1,0,0,0,0,0
8,22,64376,0,1,0,0,0,0,0,1,0,0,0
23,27,66166,1,0,0,0,0,0,0,0,0,0,1
8,22,49630,1,0,0,0,0,0,0,0,0,1,0
20,45,95493,0,1,0,0,0,0,0,1,0,0,0
7,25,40244,0,0,0,1,0,1,0,0,0,0,0
26,36,112033,0,1,0,0,0,0,0,1,0,0,0
20,28,61387,0,1,0,0,0,0,1,0,0,0,0
24,37,65160,0,0,0,1,0,1,0,0,0,0,0
18,48,122522,0,0,1,0,0,0,0,1,0,0,0
12,34,79577,1,0,0,0,0,0,0,0,1,0,0
4,26,81271,0,0,1,0,0,0,0,1,0,0,0
14,33,59372,1,0,0,0,0,0,0,0,0,1,0
27,48,155842,0,0,1,0,0,0,0,1,0,0,0
25,64,152159,0,0,1,0,0,0,0,1,0,0,0
28,58,56614,0,1,0,0,0,0,0,0,0,0,1
5,31,75009,1,0,0,0,0,0,0,1,0,0,0
22,58,48379,0,1,0,0,0,0,0,0,0,0,1
20,26,117291,0,0,0,1,0,0,0,0,1,0,0
23,40,106195,0,1,0,0,0,0,0,1,0,0,0
26,26,158478,0,0,0,1,0,0,0,1,0,0,0
7,36,44094,0,1,0,0,0,0,1,0,0,0,0
26,59,66871,1,0,0,0,0,0,0,0,0,0,1
13,36,49380,0,0,0,1,0,1,0,0,0,0,0
4,45,86347,0,0,0,1,0,0,0,1,0,0,0
6,50,59660,0,1,0,0,0,0,0,1,0,0,0
8,47,82078,0,0,0,1,0,0,0,0,1,0,0
15,31,92021,0,0,1,0,0,0,0,0,1,0,0
12,60,54233,0,0,1,0,0,0,0,0,0,0,1
12,53,95522,1,0,0,0,0,0,0,1,0,0,0
17,45,96704,1,0,0,0,0,0,0,0,1,0,0
29,34,161960,0,0,1,0,0,0,0,1,0,0,0
28,54,146520,1,0,0,0,0,0,0,1,0,0,0
8,60,84871,1,0,0,0,0,0,0,1,0,0,0
28,63,99268,0,1,0,0,0,0,0,0,1,0,0
2,58,66680,1,0,0,0,0,0,0,1,0,0,0
19,39,105659,0,0,1,0,0,0,0,0,1,0,0
22,62,104905,1,0,0,0,0,0,0,0,1,0,0
29,54,72326,1,0,0,0,0,0,0,0,0,0,1
1,58,51549,0,1,0,0,0,0,0,1,0,0,0
22,41,85736,0,1,0,0,0,0,0,0,1,0,0
25,40,92188,1,0,0,0,0,0,1,0,0,0,0
10,46,61379,1,0,0,0,0,0,1,0,0,0,0
9,55,76390,0,0,1,0,0,0,0,0,1,0,0
19,47,60565,0,0,0,1,0,1,0,0,0,0,0
29,45,119827,1,0,0,0,0,0,0,0,1,0,0
22,27,86022,0,0,0,1,0,0,0,0,0,1,0
24,29,122692,0,0,1,0,0,0,0,0,1,0,0
4,53,36980,1,0,0,0,0,0,0,0,0,0,1
11,30,42921,0,0,1,0,0,1,0,0,0,0,0
25,43,64486,0,0,0,1,0,1,0,0,0,0,0
22,52,70609,0,0,1,0,0,0,0,0,0,0,1
29,33,96747,0,1,0,0,0,0,0,0,1,0,0
27,41,134640,0,0,0,1,0,0,0,0,1,0,0
22,48,77305,0,0,0,1,0,0,0,0,0,0,1
15,43,42469,1,0,0,0,0,1,0,0,0,0,0
2,22,27501,1,0,0,0,0,1,0,0,0,0,0
12,29,38465,1,0,0,0,0,1,0,0,0,0,0
26,27,71291,1,0,0,0,0,0,0,0,0,0,1
8,49,82420,1,0,0,0,0,0,0,1,0,0,0
12,41,45371,0,0,1,0,0,1,0,0,0,0,0
27,36,68365,0,1,0,0,0,0,0,0,0,1,0
14,34,99982,0,0,0,1,0,0,0,0,1,0,0
3,39,57386,1,0,0,0,0,0,0,0,1,0,0
2,57,22559,0,1,0,0,0,1,0,0,0,0,0
17,46,56274,0,0,0,1,0,1,0,0,0,0,0
2,32,67967,1,0,0,0,0,0,0,1,0,0,0
17,35,48437,1,0,0,0,0,1,0,0,0,0,0
2,39,62893,0,0,1,0,0,0,0,0,1,0,0
2,38,38747,0,1,0,0,1,0,0,0,0,0,0
13,62,70612,0,0,1,0,0,0,1,0,0,0,0
7,22,99459,0,0,0,1,0,0,0,1,0,0,0
9,36,54217,0,1,0,0,1,0,0,0,0,0,0
9,31,94497,0,0,1,0,0,0,0,1,0,0,0
14,55,35691,0,1,0,0,0,1,0,0,0,0,0
11,29,65685,0,0,1,0,0,0,1,0,0,0,0
20,29,96389,0,1,0,0,0,0,0,1,0,0,0
19,50,94634,0,1,0,0,0,0,0,1,0,0,0
1,42,29937,0,0,0,1,0,1,0,0,0,0,0
24,62,135844,0,0,0,1,0,0,0,0,1,0,0
5,40,44854,0,0,0,1,0,0,0,0,0,0,1
23,61,44407,0,1,0,0,0,1,0,0,0,0,0
1,39,26421,0,1,0,0,0,0,0,0,0,0,1
6,24,76100,0,0,0,1,0,0,0,0,1,0,0
16,35,53641,1,0,0,0,0,0,0,0,0,0,1
20,53,145451,0,0,0,1,0,0,0,1,0,0,0
20,35,143785,0,0,0,1,0,0,0,1,0,0,0
26,33,91591,0,1,0,0,0,0,0,0,1,0,0
13,29,121602,0,0,0,1,0,0,0,1,0,0,0
14,62,32739,0,1,0,0,0,1,0,0,0,0,0
11,30,109247,0,0,0,1,0,0,0,1,0,0,0
21,59,146836,0,0,0,1,0,0,0,1,0,0,0
10,54,36893,1,0,0,0,0,1,0,0,0,0,0
17,59,121558,0,0,1,0,0,0,0,1,0,0,0
7,64,84642,1,0,0,0,0,0,0,1,0,0,0
22,64,42110,0,1,0,0,0,1,0,0,0,0,0
4,62,60167,0,1,0,0,0,0,0,1,0,0,0
1,28,36615,0,1,0,0,1,0,0,0,0,0,0
2,20,47142,0,0,0,1,0,0,0,0,0,1,0
19,31,95610,0,1,0,0,0,0,0,1,0,0,0
1,46,21076,0,1,0,0,0,1,0,0,0,0,0
12,50,39121,1,0,0,0,0,1,0,0,0,0,0
28,63,90024,0,1,0,0,1,0,0,0,0,0,0
19,62,51754,0,0,1,0,0,1,0,0,0,0,0
19,39,51805,0,0,1,0,0,1,0,0,0,0,0
26,41,116616,0,0,1,0,1,0,0,0,0,0,0
16,38,62665,0,1,0,0,1,0,0,0,0,0,0
16,48,51042,0,0,1,0,0,1,0,0,0,0,0
29,31,122135,0,1,0,0,0,0,0,1,0,0,0
8,59,38346,0,0,1,0,0,1,0,0,0,0,0
28,29,173621,0,0,0,1,0,0,0,1,0,0,0
25,44,144276,0,0,1,0,0,0,0,1,0,0,0
27,46,139764,0,0,0,1,0,0,0,0,1,0,0
25,63,85516,0,1,0,0,0,0,0,0,1,0,0
13,41,49634,1,0,0,0,0,0,0,0,0,0,1
14,34,80903,1,0,0,0,0,0,0,0,1,0,0
19,49,117154,1,0,0,0,0,0,0,1,0,0,0
15,34,34347,0,1,0,0,0,1,0,0,0,0,0
8,35,39997,0,0,0,1,0,1,0,0,0,0,0
24,53,56888,1,0,0,0,0,1,0,0,0,0,0
13,52,103802,0,0,0,1,0,0,0,0,1,0,0
12,57,78787,0,1,0,0,0,0,0,1,0,0,0
28,50,49467,0,1,0,0,0,1,0,0,0,0,0
13,61,43107,1,0,0,0,0,1,0,0,0,0,0
16,29,122897,0,0,1,0,0,0,0,1,0,0,0
24,27,146235,0,0,1,0,0,0,0,1,0,0,0
12,50,39054,0,1,0,0,0,0,0,0,0,0,1
14,41,63759,0,0,1,0,0,0,0,0,0,1,0
15,50,43185,1,0,0,0,0,1,0,0,0,0,0
19,61,119623,0,0,0,1,0,0,0,0,1,0,0
5,28,77425,0,0,0,1,0,0,0,0,1,0,0
2,41,64509,1,0,0,0,0,0,0,1,0,0,0
18,28,63732,0,0,1,0,0,0,0,0,0,0,1
24,47,141257,0,0,1,0,0,0,0,1,0,0,0
26,45,134401,0,0,0,1,0,0,0,0,1,0,0
17,49,58085,0,0,1,0,0,0,0,0,0,0,1
10,27,69094,1,0,0,0,1,0,0,0,0,0,0
27,46,66907,0,0,1,0,0,1,0,0,0,0,0
17,51,107104,0,0,0,1,0,0,0,0,1,0,0
3,34,33107,0,0,0,1,0,1,0,0,0,0,0
16,39,50018,0,1,0,0,0,0,0,0,0,1,0
18,28,54309,0,1,0,0,0,0,0,0,0,1,0
21,59,87679,0,0,1,0,0,0,1,0,0,0,0
7,49,46409,1,0,0,0,0,0,0,0,0,1,0
1,43,79062,0,0,0,1,0,0,0,1,0,0,0
7,33,70846,1,0,0,0,0,0,0,0,1,0,0
13,60,91616,0,0,1,0,0,0,0,0,1,0,0
16,45,86192,1,0,0,0,0,0,0,0,1,0,0
11,44,30959,0,1,0,0,0,1,0,0,0,0,0
3,50,30492,0,0,1,0,0,1,0,0,0,0,0
9,61,41505,0,0,0,1,0,1,0,0,0,0,0
7,36,50757,0,1,0,0,1,0,0,0,0,0,0
23,31,135294,0,0,1,0,0,0,0,1,0,0,0
22,59,82577,0,1,0,0,0,0,0,0,1,0,0
3,27,81534,0,0,0,1,0,0,0,1,0,0,0
22,58,114476,0,0,1,0,0,0,0,0,1,0,0
1,41,54694,1,0,0,0,0,0,0,0,1,0,0
11,44,43831,0,0,1,0,0,1,0,0,0,0,0
13,57,57446,1,0,0,0,0,0,0,0,0,1,0
4,63,32109,0,1,0,0,0,0,0,0,0,1,0
10,56,92894,1,0,0,0,0,0,0,1,0,0,0
26,52,70485,1,0,0,0,0,0,0,0,0,0,1
8,29,40184,0,0,1,0,0,1,0,0,0,0,0
28,60,133967,0,0,1,0,0,0,0,0,1,0,0
28,36,178519,0,0,0,1,0,0,0,1,0,0,0
17,55,36810,0,1,0,0,0,1,0,0,0,0,0
5,59,39583,0,1,0,0,0,0,1,0,0,0,0
18,57,141854,0,0,0,1,0,0,0,1,0,0,0
4,23,55451,0,1,0,0,0,0,0,1,0,0,0
6,60,51610,0,1,0,0,0,0,0,0,1,0,0
24,55,87606,0,0,1,0,0,0,0,0,0,1,0
7,21,62393,0,1,0,0,0,0,0,1,0,0,0
12,31,49815,1,0,0,0,0,0,0,0,0,0,1
3,23,46432,0,1,0,0,0,0,0,0,1,0,0
29,32,76518,0,0,0,1,0,1,0,0,0,0,0
8,52,53468,0,0,1,0,0,0,0,0,0,1,0
20,59,123848,1,0,0,0,0,0,0,1,0,0,0
10,43,75166,0,1,0,0,0,0,0,1,0,0,0
24,27,131232,1,0,0,0,0,0,0,1,0,0,0
1,21,54992,0,0,1,0,0,0,0,0,1,0,0
17,54,64289,0,1,0,0,1,0,0,0,0,0,0
18,33,74911,0,1,0,0,0,0,0,0,1,0,0
9,50,29475,0,1,0,0,0,1,0,0,0,0,0
20,41,63328,0,0,1,0,0,0,0,0,0,0,1
22,37,80593,1,0,0,0,0,0,1,0,0,0,0
27,43,130970,0,0,0,1,1,0,0,0,0,0,0
16,55,37350,0,1,0,0,0,1,0,0,0,0,0
17,53,76198,0,1,0,0,0,0,0,0,1,0,0
18,26,44721,0,1,0,0,0,0,0,0,0,0,1
11,44,41742,0,1,0,0,0,0,0,0,0,1,0
18,54,112250,1,0,0,0,0,0,0,1,0,0,0
4,60,35396,0,0,0,1,0,1,0,0,0,0,0
8,58,92651,0,0,1,0,0,0,0,1,0,0,0
10,29,96140,0,0,1,0,0,0,0,1,0,0,0
4,44,61547,1,0,0,0,0,0,0,0,1,0,0
8,49,65700,0,1,0,0,0,0,0,1,0,0,0
3,45,28869,1,0,0,0,0,1,0,0,0,0,0
5,24,56046,1,0,0,0,1,0,0,0,0,0,0
27,58,143528,0,0,0,1,0,0,0,0,1,0,0
5,20,67986,0,0,0,1,1,0,0,0,0,0,0
7,34,84232,1,0,0,0,0,0,0,1,0,0,0
1,29,40053,1,0,0,0,0,0,1,0,0,0,0
18,56,57685,0,0,0,1,0,1,0,0,0,0,0
24,48,54696,1,0,0,0,0,1,0,0,0,0,0
23,35,147938,0,0,0,1,0,0,0,1,0,0,0
6,56,36426,0,0,1,0,0,1,0,0,0,0,0
24,27,60977,0,0,1,0,0,1,0,0,0,0,0
28,37,144241,0,0,0,1,0,0,0,0,1,0,0
20,51,83185,1,0,0,0,0,0,1,0,0,0,0
15,63,71515,1,0,0,0,0,0,1,0,0,0,0
28,61,115471,1,0,0,0,0,0,0,0,1,0,0
23,35,57268,0,0,1,0,0,1,0,0,0,0,0
9,48,55614,0,1,0,0,0,0,0,0,1,0,0
25,62,134127,0,0,0,1,0,0,0,0,1,0,0
29,51,102326,0,1,0,0,0,0,0,0,1,0,0
3,42,23856,0,1,0,0,0,1,0,0,0,0,0
27,43,139790,1,0,0,0,0,0,0,1,0,0,0
16,37,68762,0,1,0,0,0,0,0,0,1,0,0
17,26,128843,0,0,0,1,0,0,0,1,0,0,0
9,24,54902,0,0,1,0,0,0,0,0,0,1,0
28,31,160633,0,0,1,0,0,0,0,1,0,0,0
24,52,56273,1,0,0,0,0,1,0,0,0,0,0
13,36,63893,0,1,0,0,0,0,0,0,1,0,0
8,22,54453,0,1,0,0,0,0,0,0,1,0,0
13,30,78872,0,1,0,0,0,0,0,1,0,0,0
1,59,40390,0,1,0,0,0,0,0,0,1,0,0
21,58,81359,0,1,0,0,0,0,0,0,1,0,0
12,59,93727,0,0,0,1,0,0,0,0,1,0,0
9,29,57495,1,0,0,0,0,0,1,0,0,0,0
1,31,20921,0,1,0,0,0,1,0,0,0,0,0
21,64,98896,0,0,1,0,1,0,0,0,0,0,0
14,37,117945,0,0,0,1,0,0,0,1,0,0,0
29,56,167878,0,0,0,1,0,0,0,1,0,0,0
14,61,98299,0,0,0,1,0,0,0,0,1,0,0
6,25,74213,0,0,0,1,0,0,0,0,1,0,0
16,61,84241,0,1,0,0,0,0,0,1,0,0,0
8,58,77845,0,0,1,0,0,0,0,0,1,0,0
19,56,91456,1,0,0,0,1,0,0,0,0,0,0
5,24,48335,0,1,0,0,0,0,0,0,1,0,0
15,31,65665,0,0,0,1,0,0,0,0,0,0,1
13,59,50805,0,0,0,1,0,1,0,0,0,0,0
26,49,96048,0,0,0,1,0,0,0,0,0,1,0
24,63,158380,0,0,0,1,0,0,0,1,0,0,0
6,31,61790,0,1,0,0,0,0,0,1,0,0,0
17,62,118460,0,0,1,0,0,0,0,1,0,0,0
5,52,44124,1,0,0,0,0,0,0,0,0,1,0
5,64,79293,0,0,1,0,0,0,0,1,0,0,0
17,54,94513,1,0,0,0,0,0,0,0,1,0,0
19,62,97732,0,0,0,1,0,0,1,0,0,0,0
6,62,40856,0,0,0,1,0,1,0,0,0,0,0
22,64,69979,0,1,0,0,0,0,1,0,0,0,0
15,30,58555,0,1,0,0,0,0,1,0,0,0,0
4,62,32784,0,0,1,0,0,1,0,0,0,0,0
17,60,73293,1,0,0,0,0,0,1,0,0,0,0
1,59,63695,1,0,0,0,0,0,0,1,0,0,0
18,35,39540,0,1,0,0,0,1,0,0,0,0,0
26,46,111741,0,0,0,1,0,0,1,0,0,0,0
10,61,58587,0,1,0,0,0,0,0,0,1,0,0
19,60,51859,0,0,1,0,0,1,0,0,0,0,0
2,64,42517,0,1,0,0,0,0,0,0,1,0,0
17,36,65016,0,0,0,1,0,0,0,0,0,0,1
18,63,95016,1,0,0,0,0,0,0,0,1,0,0
13,48,45117,0,0,1,0,0,1,0,0,0,0,0
7,20,57418,0,0,0,1,0,0,0,0,0,1,0
29,64,67046,0,0,1,0,0,1,0,0,0,0,0
5,42,62978,0,1,0,0,0,0,0,1,0,0,0
4,44,58158,0,1,0,0,0,0,0,1,0,0,0
7,64,80951,1,0,0,0,0,0,0,1,0,0,0
5,39,52319,0,1,0,0,0,0,0,0,1,0,0
19,50,75905,0,1,0,0,0,0,0,0,1,0,0
20,33,128736,0,0,1,0,0,0,0,1,0,0,0
7,27,26985,0,1,0,0,0,1,0,0,0,0,0
13,39,32128,0,1,0,0,0,1,0,0,0,0,0
4,55,52735,1,0,0,0,1,0,0,0,0,0,0
15,49,50929,0,0,0,1,0,1,0,0,0,0,0
20,40,51917,1,0,0,0,0,1,0,0,0,0,0
29,28,119458,1,0,0,0,0,0,0,0,1,0,0
25,30,56933,1,0,0,0,0,1,0,0,0,0,0
18,61,49071,1,0,0,0,0,1,0,0,0,0,0
4,54,56423,0,0,0,1,0,0,1,0,0,0,0
28,31,148821,1,0,0,0,0,0,0,1,0,0,0
4,28,76713,0,0,1,0,0,0,0,1,0,0,0
2,41,44394,0,1,0,0,0,0,0,0,1,0,0
20,27,45945,0,1,0,0,0,0,0,0,0,0,1
23,41,128042,0,0,0,1,0,0,0,0,1,0,0
28,42,125750,0,0,0,1,1,0,0,0,0,0,0
5,26,75820,1,0,0,0,0,0,0,1,0,0,0
25,39,161435,0,0,0,1,0,0,0,1,0,0,0
22,63,50310,0,1,0,0,0,0,0,0,0,0,1
8,26,100346,0,0,0,1,0,0,0,1,0,0,0
11,52,43289,0,0,1,0,0,1,0,0,0,0,0
11,57,31023,0,1,0,0,0,1,0,0,0,0,0
18,42,133236,0,0,0,1,0,0,0,1,0,0,0
27,61,98622,0,0,0,1,0,0,0,0,0,1,0
25,41,69140,0,0,0,1,0,1,0,0,0,0,0
19,31,37498,0,1,0,0,0,1,0,0,0,0,0
17,63,108888,1,0,0,0,0,0,0,1,0,0,0
1,23,62696,0,0,0,1,0,0,0,0,1,0,0
5,52,78516,0,0,0,1,0,0,0,0,1,0,0
3,49,77280,0,0,1,0,0,0,0,1,0,0,0
28,41,149509,1,0,0,0,0,0,0,1,0,0,0
14,37,51158,0,0,0,1,0,1,0,0,0,0,0
2,25,61805,0,0,0,1,1,0,0,0,0,0,0
28,47,84202,1,0,0,0,0,0,0,0,0,1,0
3,21,27698,1,0,0,0,0,1,0,0,0,0,0
3,53,24068,0,1,0,0,0,1,0,0,0,0,0
20,60,47260,0,1,0,0,0,0,0,0,0,0,1
21,63,117185,0,0,0,1,0,0,0,0,1,0,0
27,59,132906,0,0,1,0,0,0,0,0,1,0,0
13,63,58130,0,1,0,0,1,0,0,0,0,0,0
8,57,65068,0,1,0,0,0,0,0,1,0,0,0
22,50,144884,0,0,0,1,0,0,0,1,0,0,0
14,38,45120,0,0,1,0,0,1,0,0,0,0,0
18,35,97509,1,0,0,0,0,0,0,0,1,0,0
27,60,161079,0,0,1,0,0,0,0,1,0,0,0
20,49,137114,0,0,0,1,0,0,0,1,0,0,0
18,62,89236,0,0,0,1,0,0,1,0,0,0,0
1,40,31492,0,0,0,1,0,1,0,0,0,0,0
2,36,22795,0,1,0,0,0,1,0,0,0,0,0
5,41,76340,0,0,0,1,0,0,0,0,1,0,0
11,40,42338,0,0,1,0,0,1,0,0,0,0,0
1,44,37322,0,1,0,0,1,0,0,0,0,0,0
29,63,99398,0,0,0,1,0,0,0,0,0,1,0
27,40,89668,0,0,1,0,0,0,0,0,0,1,0
3,35,67700,1,0,0,0,0,0,0,1,0,0,0
29,53,85644,0,1,0,0,1,0,0,0,0,0,0
2,44,77585,0,0,0,1,0,0,0,1,0,0,0
14,44,41561,1,0,0,0,0,1,0,0,0,0,0
20,60,75895,0,0,1,0,0,0,0,0,0,1,0
16,47,106307,1,0,0,0,0,0,0,1,0,0,0
5,39,24144,0,1,0,0,0,1,0,0,0,0,0
8,32,34660,1,0,0,0,0,1,0,0,0,0,0
22,64,131249,1,0,0,0,0,0,0,1,0,0,0
7,30,99162,0,0,0,1,0,0,0,1,0,0,0
10,29,36622,1,0,0,0,0,1,0,0,0,0,0
16,48,135850,0,0,0,1,0,0,0,1,0,0,0
19,51,67489,0,0,1,0,0,0,0,0,0,0,1
22,43,96398,0,1,0,0,0,0,0,1,0,0,0
29,33,63501,1,0,0,0,0,1,0,0,0,0,0
19,60,139949,0,0,0,1,0,0,0,1,0,0,0
3,27,61182,0,0,0,1,1,0,0,0,0,0,0
18,61,87863,0,1,0,0,0,0,0,1,0,0,0
4,36,31463,1,0,0,0,0,1,0,0,0,0,0
25,59,60313,0,0,1,0,0,1,0,0,0,0,0
20,55,54628,0,1,0,0,0,0,0,0,0,1,0
17,62,48382,1,0,0,0,0,1,0,0,0,0,0
24,48,62461,0,0,1,0,0,1,0,0,0,0,0
13,37,66977,1,0,0,0,0,0,1,0,0,0,0
4,57,61521,0,0,1,0,1,0,0,0,0,0,0
25,37,108706,0,0,0,1,0,0,1,0,0,0,0
3,50,54519,0,0,1,0,1,0,0,0,0,0,0
21,54,145489,0,0,0,1,0,0,0,1,0,0,0
4,23,61869,1,0,0,0,0,0,0,0,1,0,0
18,53,51777,0,0,1,0,0,1,0,0,0,0,0
13,63,49045,0,0,0,1,0,1,0,0,0,0,0
7,45,92566,0,0,1,0,0,0,0,1,0,0,0
11,54,42339,0,0,1,0,0,1,0,0,0,0,0
6,59,24959,0,1,0,0,0,1,0,0,0,0,0
11,60,82714,0,0,0,1,1,0,0,0,0,0,0
9,38,39641,0,0,1,0,0,1,0,0,0,0,0
16,61,47859,0,0,1,0,0,1,0,0,0,0,0
28,41,137541,0,0,0,1,0,0,0,0,1,0,0
5,48,83595,0,0,1,0,0,0,0,1,0,0,0
23,61,53237,0,1,0,0,0,0,0,0,0,0,1
6,58,31785,1,0,0,0,0,1,0,0,0,0,0
4,32,23156,0,1,0,0,0,1,0,0,0,0,0
8,35,43578,0,0,0,1,0,1,0,0,0,0,0
25,48,63388,0,0,1,0,0,1,0,0,0,0,0
25,45,54526,0,1,0,0,0,0,0,0,0,0,1
16,42,72397,0,1,0,0,0,0,0,0,1,0,0
16,47,114439,0,0,1,0,0,0,0,1,0,0,0
11,33,96526,0,0,0,1,0,0,0,0,1,0,0
20,53,49985,1,0,0,0,0,1,0,0,0,0,0
14,34,106424,0,0,0,1,0,0,0,0,1,0,0
8,28,77734,0,0,1,0,0,0,0,0,1,0,0
6,41,64609,1,0,0,0,0,0,0,0,1,0,0
8,48,67045,1,0,0,0,0,0,0,0,1,0,0
19,42,105794,0,0,1,0,0,0,0,0,1,0,0
8,34,68571,0,0,0,1,0,0,1,0,0,0,0
25,57,71762,0,0,1,0,0,0,0,0,0,0,1
1,29,52528,1,0,0,0,0,0,0,0,1,0,0
13,53,70760,0,0,0,1,0,0,0,0,0,1,0
8,60,74946,0,0,1,0,0,0,0,0,1,0,0
21,60,125379,0,0,0,1,0,0,0,0,1,0,0
9,27,48009,0,1,0,0,0,0,1,0,0,0,0
16,46,45336,1,0,0,0,0,1,0,0,0,0,0
21,49,107547,1,0,0,0,0,0,0,0,1,0,0
5,37,70542,0,0,1,0,0,0,0,0,1,0,0
11,30,104898,0,0,1,0,0,0,0,1,0,0,0
17,63,66216,0,1,0,0,1,0,0,0,0,0,0
21,53,130106,0,0,1,0,0,0,0,1,0,0,0
9,58,108097,0,0,0,1,0,0,0,1,0,0,0
17,39,102210,0,0,1,0,0,0,0,0,1,0,0
15,49,84816,0,1,0,0,0,0,0,1,0,0,0
1,26,64554,0,0,0,1,0,0,0,0,1,0,0
13,60,44857,0,0,1,0,0,1,0,0,0,0,0
20,60,51039,1,0,0,0,0,1,0,0,0,0,0
24,36,85023,0,0,1,0,0,0,0,0,0,1,0
24,27,108078,1,0,0,0,0,0,0,0,1,0,0
3,60,23692,0,1,0,0,0,1,0,0,0,0,0
28,44,75781,0,1,0,0,0,0,1,0,0,0,0
14,43,75824,1,0,0,0,1,0,0,0,0,0,0
3,42,43973,0,1,0,0,0,0,0,0,1,0,0
18,61,104157,0,0,1,0,0,0,0,0,1,0,0
24,26,106043,0,1,0,0,0,0,0,1,0,0,0
28,34,174935,0,0,0,1,0,0,0,1,0,0,0
14,59,74082,1,0,0,0,1,0,0,0,0,0,0
17,44,84855,0,0,1,0,0,0,1,0,0,0,0
24,51,80998,0,1,0,0,1,0,0,0,0,0,0
6,40,85363,0,0,1,0,0,0,0,1,0,0,0
26,38,68709,0,0,0,1,0,1,0,0,0,0,0
8,55,57971,0,1,0,0,0,0,0,0,1,0,0
2,52,30051,0,1,0,0,0,0,0,0,0,1,0
18,40,114312,1,0,0,0,0,0,0,1,0,0,0
3,44,56361,0,1,0,0,0,0,0,1,0,0,0
29,52,117335,1,0,0,0,0,0,0,0,1,0,0
21,47,39564,0,1,0,0,0,1,0,0,0,0,0
2,64,52129,0,0,1,0,1,0,0,0,0,0,0
5,56,78540,0,0,0,1,0,0,0,0,1,0,0
22,38,152851,0,0,0,1,0,0,0,1,0,0,0
9,42,28785,0,1,0,0,0,1,0,0,0,0,0
29,54,124381,0,0,1,0,1,0,0,0,0,0,0
19,51,121953,1,0,0,0,0,0,0,1,0,0,0
2,38,79887,0,0,0,1,0,0,0,1,0,0,0
23,34,125618,0,0,0,1,0,0,0,0,1,0,0
4,27,56543,0,1,0,0,0,0,0,1,0,0,0
17,31,67712,0,0,1,0,0,0,0,0,0,1,0
4,30,58708,0,1,0,0,0,0,0,1,0,0,0
26,58,132168,0,0,1,0,0,0,0,0,1,0,0
6,61,51587,0,1,0,0,0,0,0,0,1,0,0
2,42,32769,0,0,0,1,0,1,0,0,0,0,0
4,20,33798,0,0,1,0,0,1,0,0,0,0,0
8,54,91966,0,0,1,0,0,0,0,1,0,0,0
2,37,55366,0,1,0,0,0,0,0,1,0,0,0
2,62,51166,0,1,0,0,0,0,0,1,0,0,0
8,26,37419,0,0,1,0,0,1,0,0,0,0,0
5,60,88374,0,0,0,1,0,0,0,1,0,0,0
14,47,43310,1,0,0,0,0,1,0,0,0,0,0
13,32,85100,1,0,0,0,0,0,0,0,1,0,0
19,59,47153,1,0,0,0,0,1,0,0,0,0,0
28,41,98709,0,1,0,0,0,0,0,0,1,0,0
1,45,66369,0,0,1,0,0,0,0,1,0,0,0
20,63,83141,1,0,0,0,0,0,1,0,0,0,0
3,54,86240,0,0,0,1,0,0,0,1,0,0,0
5,63,62843,1,0,0,0,0,0,0,0,1,0,0
17,57,56071,0,0,0,1,0,1,0,0,0,0,0
17,63,89601,1,0,0,0,0,0,0,0,1,0,0
11,45,48784,0,0,0,1,0,1,0,0,0,0,0
26,43,129413,0,0,1,0,0,0,0,0,1,0,0
12,62,64393,0,1,0,0,0,0,0,0,1,0,0
4,24,32445,0,0,1,0,0,1,0,0,0,0,0
9,27,62257,1,0,0,0,1,0,0,0,0,0,0
20,49,102928,1,0,0,0,0,0,0,0,1,0,0
1,43,60715,1,0,0,0,0,0,0,1,0,0,0
21,43,56971,0,0,1,0,0,1,0,0,0,0,0
21,44,41040,0,1,0,0,0,1,0,0,0,0,0
1,45,40500,1,0,0,0,0,0,1,0,0,0,0
3,25,75499,0,0,1,0,0,0,0,1,0,0,0
12,42,83723,0,0,0,1,1,0,0,0,0,0,0
6,36,58158,1,0,0,0,1,0,0,0,0,0,0
22,51,123492,0,0,0,1,0,0,0,0,1,0,0
3,23,29375,1,0,0,0,0,1,0,0,0,0,0
8,53,93529,0,0,1,0,0,0,0,1,0,0,0
13,51,33642,0,1,0,0,0,1,0,0,0,0,0
12,26,102133,0,0,1,0,0,0,0,1,0,0,0
29,28,103326,0,0,0,1,0,0,0,0,0,1,0
23,44,84895,0,0,1,0,0,0,0,0,0,1,0
2,26,49542,0,0,1,0,0,0,1,0,0,0,0
17,31,104928,0,0,1,0,0,0,0,0,1,0,0
19,57,138323,0,0,0,1,0,0,0,1,0,0,0
15,27,85938,1,0,0,0,0,0,0,0,1,0,0
22,45,122442,1,0,0,0,0,0,0,1,0,0,0
16,62,51751,0,0,0,1,0,1,0,0,0,0,0
6,57,71863,0,0,1,0,0,0,0,0,1,0,0
2,24,56510,0,0,0,1,1,0,0,0,0,0,0
11,62,106824,0,0,1,0,0,0,0,1,0,0,0
3,32,61345,0,0,1,0,0,0,0,0,1,0,0
28,36,142553,1,0,0,0,0,0,0,1,0,0,0
9,25,50888,0,0,0,1,0,0,0,0,0,0,1
24,33,136775,1,0,0,0,0,0,0,1,0,0,0
20,31,122508,0,0,0,1,0,0,0,0,1,0,0
16,42,104404,1,0,0,0,0,0,0,1,0,0,0
8,62,74638,0,0,1,0,0,0,0,0,1,0,0
13,59,92828,0,0,1,0,0,0,0,0,1,0,0
4,20,60964,1,0,0,0,0,0,0,0,1,0,0
2,44,30114,0,0,1,0,0,1,0,0,0,0,0
17,47,87276,0,1,0,0,0,0,0,1,0,0,0
18,50,117602,1,0,0,0,0,0,0,1,0,0,0
17,44,75812,1,0,0,0,0,0,1,0,0,0,0
25,48,134342,0,0,0,1,0,0,0,0,1,0,0
25,44,124051,0,0,1,0,0,0,0,0,1,0,0
27,50,80938,0,1,0,0,1,0,0,0,0,0,0
6,52,94062,0,0,0,1,0,0,0,1,0,0,0
20,55,120775,1,0,0,0,0,0,0,1,0,0,0
27,42,115276,0,1,0,0,0,0,0,1,0,0,0
11,28,63186,0,1,0,0,0,0,0,0,1,0,0
18,56,68874,1,0,0,0,0,0,0,0,0,1,0
14,34,52495,0,0,0,1,0,1,0,0,0,0,0
1,56,20484,0,1,0,0,0,1,0,0,0,0,0
23,37,102416,1,0,0,0,0,0,0,0,1,0,0
2,39,76220,0,0,1,0,0,0,0,1,0,0,0
7,44,84819,1,0,0,0,0,0,0,1,0,0,0
10,44,41740,0,0,1,0,0,1,0,0,0,0,0
6,55,78094,1,0,0,0,0,0,0,1,0,0,0
11,32,77101,1,0,0,0,0,0,0,0,1,0,0
24,40,135990,0,0,0,1,0,0,0,0,1,0,0
17,27,123936,0,0,1,0,0,0,0,1,0,0,0
28,42,116629,0,1,0,0,0,0,0,1,0,0,0
18,64,37398,0,1,0,0,0,1,0,0,0,0,0
5,35,91898,0,0,0,1,0,0,0,1,0,0,0
29,52,125641,1,0,0,0,0,0,0,0,1,0,0
26,53,144843,1,0,0,0,0,0,0,1,0,0,0
15,33,101826,1,0,0,0,0,0,0,1,0,0,0
18,59,131419,0,0,1,0,0,0,0,1,0,0,0
7,56,38357,0,0,1,0,0,1,0,0,0,0,0
29,58,58760,0,1,0,0,0,0,0,0,0,0,1
11,47,43631,0,0,1,0,0,1,0,0,0,0,0
6,54,37557,0,0,0,1,0,1,0,0,0,0,0
5,58,36409,0,0,0,1,0,1,0,0,0,0,0
5,45,48326,0,1,0,0,0,0,0,0,1,0,0
21,36,52218,1,0,0,0,0,1,0,0,0,0,0
24,29,145022,0,0,1,0,0,0,0,1,0,0,0
19,45,111781,0,0,1,0,0,0,0,0,1,0,0
23,35,41525,0,1,0,0,0,1,0,0,0,0,0
22,36,83893,1,0,0,0,0,0,1,0,0,0,0
11,62,106089,0,0,1,0,0,0,0,1,0,0,0
12,56,80084,0,1,0,0,0,0,0,1,0,0,0
28,27,48460,0,1,0,0,0,1,0,0,0,0,0
28,43,159943,0,0,1,0,0,0,0,1,0,0,0
15,60,106516,1,0,0,0,0,0,0,1,0,0,0
20,58,137168,0,0,1,0,0,0,0,1,0,0,0
17,57,72773,0,1,0,0,0,0,0,0,1,0,0
25,57,89992,0,0,0,1,0,0,0,0,0,1,0
2,54,26272,0,1,0,0,0,0,0,0,0,0,1
9,42,59021,0,1,0,0,0,0,0,0,1,0,0
8,50,81834,1,0,0,0,0,0,0,1,0,0,0
6,53,63721,0,1,0,0,0,0,0,1,0,0,0
16,47,90743,1,0,0,0,0,0,0,0,1,0,0
24,27,109015,0,1,0,0,0,0,0,1,0,0,0
10,33,37642,1,0,0,0,0,1,0,0,0,0,0
21,45,55958,0,0,1,0,0,1,0,0,0,0,0
1,57,44341,0,0,0,1,0,0,0,0,0,1,0
24,51,110282,1,0,0,0,0,0,0,0,1,0,0
15,56,102807,0,0,0,1,0,0,0,0,1,0,0
3,59,32552,0,0,1,0,0,1,0,0,0,0,0
20,28,124147,1,0,0,0,0,0,0,1,0,0,0
26,38,124642,0,0,1,0,0,0,0,0,1,0,0
22,40,110128,1,0,0,0,0,0,0,0,1,0,0
5,45,89848,0,0,0,1,0,0,0,1,0,0,0
1,59,59296,0,0,1,0,0,0,0,0,1,0,0
28,49,119997,0,1,0,0,0,0,0,1,0,0,0
21,60,74995,1,0,0,0,0,0,0,0,0,1,0
6,37,94320,0,0,0,1,0,0,0,1,0,0,0
27,60,68533,0,1,0,0,0,0,0,0,0,1,0
25,59,111379,0,1,0,0,0,0,0,1,0,0,0
18,53,129444,0,0,1,0,0,0,0,1,0,0,0
5,23,69074,0,0,1,0,0,0,0,0,1,0,0
25,46,103957,0,1,0,0,0,0,0,1,0,0,0
1,44,70666,0,0,1,0,0,0,0,1,0,0,0
18,50,139557,0,0,0,1,0,0,0,1,0,0,0
9,62,68000,0,1,0,0,0,0,0,1,0,0,0
10,38,41184,0,0,1,0,0,1,0,0,0,0,0
5,27,33764,0,0,1,0,0,1,0,0,0,0,0
10,63,36461,1,0,0,0,0,1,0,0,0,0,0
17,60,72841,0,1,0,0,0,0,0,0,1,0,0
4,57,39046,0,1,0,0,0,0,1,0,0,0,0
1,39,30548,1,0,0,0,0,0,0,0,0,0,1
15,54,45040,1,0,0,0,0,1,0,0,0,0,0
24,41,45592,0,1,0,0,0,1,0,0,0,0,0
1,56,54775,1,0,0,0,0,0,0,0,1,0,0
25,44,103793,0,1,0,0,0,0,0,1,0,0,0
29,50,121680,0,0,1,0,1,0,0,0,0,0,0
2,20,67227,1,0,0,0,0,0,0,1,0,0,0
19,44,84739,0,0,1,0,0,0,1,0,0,0,0
9,56,75094,1,0,0,0,0,0,0,0,1,0,0
6,40,46304,1,0,0,0,0,0,0,0,0,1,0
3,25,28233,0,1,0,0,0,0,0,0,0,0,1
18,34,51673,0,0,1,0,0,1,0,0,0,0,0
16,42,52985,1,0,0,0,0,0,0,0,0,0,1
4,35,82117,0,0,1,0,0,0,0,1,0,0,0
22,39,62939,0,0,0,1,0,1,0,0,0,0,0
17,32,114154,1,0,0,0,0,0,0,1,0,0,0
19,59,122916,0,0,1,0,0,0,0,1,0,0,0
6,52,52480,0,1,0,0,0,0,0,0,1,0,0
25,50,155897,0,0,1,0,0,0,0,1,0,0,0
23,40,106629,0,1,0,0,0,0,0,1,0,0,0
19,40,130642,0,0,1,0,0,0,0,1,0,0,0
8,25,29258,0,1,0,0,0,1,0,0,0,0,0
24,30,81941,0,1,0,0,1,0,0,0,0,0,0
18,44,51278,0,0,1,0,0,1,0,0,0,0,0
27,31,139305,1,0,0,0,0,0,0,1,0,0,0
25,41,104807,0,1,0,0,0,0,0,1,0,0,0
0,22,27884,0,1,0,0,0,0,0,0,0,1,0
0,21,33353,1,0,0,0,0,0,0,0,0,1,0
0,24,28973,1,0,0,0,0,0,0,0,0,0,1
0,20,34509,1,0,0,0,0,0,0,0,0,1,0
0,21,44152,0,0,1,0,0,0,1,0,0,0,0
0,23,45903,0,0,1,0,0,0,1,0,0,0,0
0,20,35211,0,0,0,1,0,0,0,0,0,0,1
0,20,31214,0,1,0,0,0,0,1,0,0,0,0
0,25,44170,1,0,0,0,1,0,0,0,0,0,0
0,24,35501,0,1,0,0,1,0,0,0,0,0,0
0,21,27411,0,1,0,0,0,0,0,0,0,1,0
0,20,32246,0,0,1,0,0,0,0,0,0,0,1
0,22,35856,1,0,0,0,0,0,0,0,0,1,0
0,25,23747,0,1,0,0,0,0,0,0,0,0,1
0,20,34265,1,0,0,0,0,0,0,0,0,1,0
0,23,34751,1,0,0,0,0,0,0,0,0,1,0
0,25,29891,1,0,0,0,0,0,0,0,0,0,1
0,20,36553,1,0,0,0,0,0,0,0,0,1,0
0,21,30183,1,0,0,0,0,0,0,0,0,0,1
0,23,37236,0,0,1,0,0,0,0,0,0,1,0
0,20,32312,0,0,1,0,0,0,0,0,0,0,1
0,21,47349,0,0,1,0,1,0,0,0,0,0,0
0,21,28350,0,1,0,0,0,0,0,0,0,1,0
0,22,54693,0,0,0,1,1,0,0,0,0,0,0
0,23,41832,1,0,0,0,0,0,1,0,0,0,0
0,22,38565,1,0,0,0,0,0,1,0,0,0,0
0,24,41642,1,0,0,0,0,0,1,0,0,0,0
0,22,38628,1,0,0,0,0,0,1,0,0,0,0
0,21,39479,1,0,0,0,0,0,1,0,0,0,0
0,25,35087,0,1,0,0,1,0,0,0,0,0,0
0,24,38070,0,0,1,0,0,0,0,0,0,1,0
0,25,27889,0,1,0,0,0,0,0,0,0,1,0
0,21,27304,0,1,0,0,0,0,0,0,0,1,0
0,21,37352,0,1,0,0,1,0,0,0,0,0,0
0,21,38369,0,0,1,0,0,0,0,0,0,1,0
0,24,41201,1,0,0,0,0,0,1,0,0,0,0
0,21,47606,0,0,1,0,1,0,0,0,0,0,0
0,22,29015,0,1,0,0,0,0,0,0,0,1,0
0,22,41374,1,0,0,0,0,0,1,0,0,0,0
0,25,39552,0,0,1,0,0,0,0,0,0,1,0
0,20,40948,1,0,0,0,0,0,1,0,0,0,0
0,22,34714,1,0,0,0,0,0,0,0,0,1,0
0,21,45556,1,0,0,0,1,0,0,0,0,0,0
0,23,37558,0,0,1,0,0,0,0,0,0,1,0
0,21,33455,1,0,0,0,0,0,0,0,0,1,0
0,22,36173,1,0,0,0,0,0,0,0,0,1,0
0,22,30129,1,0,0,0,0,0,0,0,0,0,1
0,20,46901,1,0,0,0,1,0,0,0,0,0,0
0,22,43264,1,0,0,0,1,0,0,0,0,0,0
0,20,33448,1,0,0,0,0,0,0,0,0,1,0
0,25,31343,1,0,0,0,0,0,0,0,0,0,1
0,24,28998,1,0,0,0,0,0,0,0,0,0,1
0,20,30576,0,1,0,0,0,0,1,0,0,0,0
0,22,31450,0,0,1,0,0,0,0,0,0,0,1
0,21,31087,0,1,0,0,0,0,1,0,0,0,0
0,22,36895,0,0,1,0,0,0,0,0,0,1,0
0,24,38494,0,0,1,0,0,0,0,0,0,1,0
0,25,34772,0,1,0,0,1,0,0,0,0,0,0
0,25,30335,1,0,0,0,0,0,0,0,0,0,1
0,21,33499,0,0,1,0,0,0,0,0,0,0,1
0,25,44319,0,0,1,0,0,0,1,0,0,0,0
0,25,45276,1,0,0,0,1,0,0,0,0,0,0
0,23,49971,0,0,1,0,1,0,0,0,0,0,0
0,23,32182,0,0,1,0,0,0,0,0,0,0,1
0,25,29295,1,0,0,0,0,0,0,0,0,0,1
0,22,34727,0,1,0,0,1,0,0,0,0,0,0
0,21,24604,0,1,0,0,0,0,0,0,0,0,1
0,23,39261,0,0,1,0,0,0,0,0,0,1,0
0,20,24860,0,1,0,0,0,0,0,0,0,0,1
0,21,32402,0,0,1,0,0,0,0,0,0,0,1
0,21,37548,0,1,0,0,1,0,0,0,0,0,0
0,22,44320,1,0,0,0,1,0,0,0,0,0,0
0,24,49467,0,0,1,0,1,0,0,0,0,0,0
0,22,31033,1,0,0,0,0,0,0,0,0,0,1
0,20,42872,1,0,0,0,1,0,0,0,0,0,0
0,24,23035,0,1,0,0,0,0,0,0,0,0,1
0,25,29122,1,0,0,0,0,0,0,0,0,0,1
0,25,40657,1,0,0,0,0,0,1,0,0,0,0
0,20,44849,1,0,0,0,1,0,0,0,0,0,0
0,24,44333,0,0,1,0,0,0,1,0,0,0,0
0,23,45857,1,0,0,0,1,0,0,0,0,0,0
0,23,38108,1,0,0,0,0,0,1,0,0,0,0
0,24,46149,0,0,1,0,0,0,1,0,0,0,0
0,24,37773,0,0,1,0,0,0,0,0,0,1,0
0,25,39601,1,0,0,0,0,0,1,0,0,0,0
0,20,29798,1,0,0,0,0,0,0,0,0,0,1
0,22,41482,1,0,0,0,0,0,1,0,0,0,0
0,24,33820,1,0,0,0,0,0,0,0,0,1,0
0,24,40255,1,0,0,0,0,0,1,0,0,0,0
0,21,37149,0,0,1,0,0,0,0,0,0,1,0
0,20,49910,0,0,0,1,0,0,1,0,0,0,0
0,21,39159,0,0,1,0,0,0,0,0,0,1,0
0,20,45704,0,0,1,0,0,0,1,0,0,0,0
0,20,35555,1,0,0,0,0,0,0,0,0,1,0
0,25,35125,0,1,0,0,1,0,0,0,0,0,0
0,22,24871,0,1,0,0,0,0,0,0,0,0,1
0,21,38535,0,0,1,0,0,0,0,0,0,1,0
0,20,45620,1,0,0,0,1,0,0,0,0,0,0
0,22,22807,0,1,0,0,0,0,0,0,0,0,1
0,23,34531,1,0,0,0,0,0,0,0,0,1,0
0,21,39317,1,0,0,0,0,0,1,0,0,0,0
0,24,38003,0,0,1,0,0,0,0,0,0,1,0
0,20,33227,0,1,0,0,0,0,1,0,0,0,0
0,20,39102,1,0,0,0,0,0,1,0,0,0,0
0,21,31301,1,0,0,0,0,0,0,0,0,0,1
0,20,45492,1,0,0,0,1,0,0,0,0,0,0
0,25,46470,1,0,0,0,1,0,0,0,0,0,0
0,23,39030,1,0,0,0,0,0,1,0,0,0,0
0,24,35183,0,1,0,0,1,0,0,0,0,0,0
0,20,37016,0,0,1,0,0,0,0,0,0,1,0
0,25,31311,0,1,0,0,0,0,1,0,0,0,0
0,22,48715,0,0,0,1,0,0,1,0,0,0,0
0,25,42924,0,0,1,0,0,0,1,0,0,0,0
0,22,43776,1,0,0,0,1,0,0,0,0,0,0
0,20,39181,1,0,0,0,0,0,1,0,0,0,0
0,23,43463,1,0,0,0,1,0,0,0,0,0,0
0,25,34691,1,0,0,0,0,0,0,0,0,1,0
0,21,42819,1,0,0,0,1,0,0,0,0,0,0
0,22,38487,1,0,0,0,0,0,1,0,0,0,0
0,25,28718,0,1,0,0,0,0,0,0,0,1,0
0,21,39047,0,0,1,0,0,0,0,0,0,1,0
0,25,23872,0,1,0,0,0,0,0,0,0,0,1
0,22,41983,1,0,0,0,0,0,1,0,0,0,0
0,23,29750,1,0,0,0,0,0,0,0,0,0,1
0,22,27385,0,1,0,0,0,0,0,0,0,1,0
0,23,41534,1,0,0,0,0,0,1,0,0,0,0
0,24,35090,0,1,0,0,1,0,0,0,0,0,0
0,22,26918,0,1,0,0,0,0,0,0,0,1,0
0,25,45449,0,0,1,0,0,0,1,0,0,0,0
0,24,44712,0,0,1,0,0,0,1,0,0,0,0
0,24,33757,1,0,0,0,0,0,0,0,0,1,0
0,24,26917,0,1,0,0,0,0,0,0,0,1,0
0,25,32784,0,1,0,0,0,0,1,0,0,0,0
0,21,33869,0,0,1,0,0,0,0,0,0,0,1
0,24,45939,1,0,0,0,1,0,0,0,0,0,0
0,22,41453,1,0,0,0,0,0,1,0,0,0,0
0,21,33961,1,0,0,0,0,0,0,0,0,1,0
0,22,44916,1,0,0,0,1,0,0,0,0,0,0
0,24,31063,0,1,0,0,0,0,1,0,0,0,0
0,22,22821,0,1,0,0,0,0,0,0,0,0,1
0,24,43720,0,0,1,0,0,0,1,0,0,0,0
0,21,45718,1,0,0,0,1,0,0,0,0,0,0
0,24,39476,1,0,0,0,0,0,1,0,0,0,0
0,22,25181,0,1,0,0,0,0,0,0,0,0,1
0,24,39996,1,0,0,0,0,0,1,0,0,0,0
0,24,37358,0,0,1,0,0,0,0,0,0,1,0
0,20,51190,0,0,1,0,1,0,0,0,0,0,0
0,24,28399,0,1,0,0,0,0,0,0,0,1,0
0,20,35256,1,0,0,0,0,0,0,0,0,1,0
0,22,45568,1,0,0,0,1,0,0,0,0,0,0
0,21,41710,1,0,0,0,0,0,1,0,0,0,0
0,23,41371,1,0,0,0,0,0,1,0,0,0,0
0,22,42921,1,0,0,0,1,0,0,0,0,0,0
0,20,45386,1,0,0,0,1,0,0,0,0,0,0
0,24,37611,0,1,0,0,1,0,0,0,0,0,0
0,21,36325,1,0,0,0,0,0,0,0,0,1,0
0,23,28289,0,1,0,0,0,0,0,0,0,1,0
0,25,34803,0,1,0,0,1,0,0,0,0,0,0
0,25,32766,0,1,0,0,0,0,1,0,0,0,0
0,23,38056,0,0,1,0,0,0,0,0,0,1,0
0,21,27421,0,1,0,0,0,0,0,0,0,1,0
0,22,27953,0,1,0,0,0,0,0,0,0,1,0
0,20,31378,0,0,1,0,0,0,0,0,0,0,1
0,20,43464,1,0,0,0,1,0,0,0,0,0,0
0,21,44443,1,0,0,0,1,0,0,0,0,0,0
0,23,33302,1,0,0,0,0,0,0,0,0,1,0
0,25,43622,0,0,1,0,0,0,1,0,0,0,0
0,25,29713,1,0,0,0,0,0,0,0,0,0,1
0,23,31699,0,0,1,0,0,0,0,0,0,0,1
0,24,50631,0,0,1,0,1,0,0,0,0,0,0
0,24,34234,0,0,0,1,0,0,0,0,0,0,1
0,23,56010,0,0,0,1,1,0,0,0,0,0,0
0,25,36683,1,0,0,0,0,0,0,0,0,1,0
0,21,43709,0,0,1,0,0,0,1,0,0,0,0
0,24,23122,0,1,0,0,0,0,0,0,0,0,1
0,25,31467,1,0,0,0,0,0,0,0,0,0,1
0,24,31599,0,1,0,0,0,0,1,0,0,0,0
0,25,30865,1,0,0,0,0,0,0,0,0,0,1
0,22,37304,0,1,0,0,1,0,0,0,0,0,0
0,22,28312,0,1,0,0,0,0,0,0,0,1,0
0,24,55426,0,0,0,1,1,0,0,0,0,0,0
0,23,43242,1,0,0,0,1,0,0,0,0,0,0
0,24,32844,0,0,1,0,0,0,0,0,0,0,1
0,23,36199,0,1,0,0,1,0,0,0,0,0,0
0,23,39052,1,0,0,0,0,0,1,0,0,0,0
0,21,34707,1,0,0,0,0,0,0,0,0,1,0
0,22,47616,0,0,1,0,1,0,0,0,0,0,0
0,23,28534,1,0,0,0,0,0,0,0,0,0,1
0,23,36099,1,0,0,0,0,0,0,0,0,1,0
0,20,30024,1,0,0,0,0,0,0,0,0,0,1
0,22,34922,0,1,0,0,1,0,0,0,0,0,0
0,25,39577,0,0,1,0,0,0,0,0,0,1,0
0,23,30758,1,0,0,0,0,0,0,0,0,0,1
0,21,46170,1,0,0,0,1,0,0,0,0,0,0
0,24,43590,0,0,1,0,0,0,1,0,0,0,0
0,25,34238,0,0,1,0,0,0,0,0,0,0,1
0,22,31927,0,0,1,0,0,0,0,0,0,0,1
0,23,36001,1,0,0,0,0,0,0,0,0,1,0
0,24,43460,1,0,0,0,1,0,0,0,0,0,0
0,24,30838,0,1,0,0,0,0,1,0,0,0,0
0,24,41335,1,0,0,0,0,0,1,0,0,0,0
0,25,30237,1,0,0,0,0,0,0,0,0,0,1
0,22,46111,0,0,1,0,0,0,1,0,0,0,0
0,22,40832,1,0,0,0,0,0,1,0,0,0,0
0,21,51905,0,0,1,0,1,0,0,0,0,0,0
0,24,29009,1,0,0,0,0,0,0,0,0,0,1
0,21,27555,0,1,0,0,0,0,0,0,0,1,0
0,25,39971,1,0,0,0,0,0,1,0,0,0,0
0,20,36054,1,0,0,0,0,0,0,0,0,1,0
0,24,34217,1,0,0,0,0,0,0,0,0,1,0
0,21,33093,0,1,0,0,0,0,1,0,0,0,0
0,20,41157,1,0,0,0,0,0,1,0,0,0,0
0,20,47959,0,0,0,1,0,0,1,0,0,0,0
0,20,42963,0,0,0,1,0,0,0,0,0,1,0
0,25,38530,0,0,1,0,0,0,0,0,0,1,0
0,20,54079,0,0,0,1,1,0,0,0,0,0,0
0,25,24743,0,1,0,0,0,0,0,0,0,0,1
0,25,40794,1,0,0,0,0,0,1,0,0,0,0
0,20,46490,1,0,0,0,1,0,0,0,0,0,0
0,22,27120,0,1,0,0,0,0,0,0,0,1,0
0,22,37246,0,1,0,0,1,0,0,0,0,0,0
0,21,47196,0,0,1,0,1,0,0,0,0,0,0
0,21,41773,0,0,0,1,0,0,0,0,0,1,0
0,25,40998,1,0,0,0,0,0,1,0,0,0,0
0,23,41674,0,0,0,1,0,0,0,0,0,1,0
0,23,40689,1,0,0,0,0,0,1,0,0,0,0
0,25,43331,1,0,0,0,1,0,0,0,0,0,0
0,21,46625,1,0,0,0,1,0,0,0,0,0,0
0,24,35859,1,0,0,0,0,0,0,0,0,1,0
0,23,34041,0,0,1,0,0,0,0,0,0,0,1
0,21,35197,1,0,0,0,0,0,0,0,0,1,0
0,20,37270,0,0,0,1,0,0,0,0,0,0,1
0,21,46257,1,0,0,0,1,0,0,0,0,0,0
0,21,24554,0,1,0,0,0,0,0,0,0,0,1
0,23,40186,0,0,0,1,0,0,0,0,0,1,0
0,24,30469,1,0,0,0,0,0,0,0,0,0,1
0,20,32166,0,1,0,0,0,0,1,0,0,0,0
0,24,46733,1,0,0,0,1,0,0,0,0,0,0
0,21,29943,1,0,0,0,0,0,0,0,0,0,1
0,23,36085,0,1,0,0,1,0,0,0,0,0,0
0,21,40570,1,0,0,0,0,0,1,0,0,0,0
0,20,33077,0,1,0,0,0,0,1,0,0,0,0
0,20,48512,0,0,1,0,1,0,0,0,0,0,0
0,25,46788,1,0,0,0,1,0,0,0,0,0,0
0,23,33199,0,0,1,0,0,0,0,0,0,0,1
0,23,51598,0,0,0,1,1,0,0,0,0,0,0
0,21,29803,1,0,0,0,0,0,0,0,0,0,1
0,20,40214,0,0,1,0,0,0,0,0,0,1,0
0,20,41530,1,0,0,0,0,0,1,0,0,0,0
0,23,41606,1,0,0,0,0,0,1,0,0,0,0
0,22,29225,1,0,0,0,0,0,0,0,0,0,1
0,20,32969,0,0,1,0,0,0,0,0,0,0,1
0,22,32032,0,0,1,0,0,0,0,0,0,0,1
0,20,36201,1,0,0,0,0,0,0,0,0,1,0
0,20,40195,0,0,1,0,0,0,0,0,0,1,0
0,20,37225,0,0,1,0,0,0,0,0,0,1,0
0,25,33777,0,0,1,0,0,0,0,0,0,0,1
0,21,30374,1,0,0,0,0,0,0,0,0,0,1
0,23,46821,1,0,0,0,1,0,0,0,0,0,0
0,20,30068,1,0,0,0,0,0,0,0,0,0,1
0,23,48476,0,0,1,0,1,0,0,0,0,0,0
0,20,36871,0,0,0,1,0,0,0,0,0,0,1
0,22,29381,1,0,0,0,0,0,0,0,0,0,1
0,22,35660,0,1,0,0,1,0,0,0,0,0,0
0,21,42874,0,0,1,0,0,0,1,0,0,0,0
0,20,23560,0,1,0,0,0,0,0,0,0,0,1
0,22,46440,1,0,0,0,1,0,0,0,0,0,0
0,23,40094,1,0,0,0,0,0,1,0,0,0,0
0,23,35743,0,1,0,0,1,0,0,0,0,0,0
0,24,30337,1,0,0,0,0,0,0,0,0,0,1
0,20,40583,1,0,0,0,0,0,1,0,0,0,0
0,25,52585,0,0,0,1,1,0,0,0,0,0,0
0,23,33919,0,0,1,0,0,0,0,0,0,0,1
0,22,30561,0,1,0,0,0,0,1,0,0,0,0
0,23,24512,0,1,0,0,0,0,0,0,0,0,1
0,25,45091,1,0,0,0,1,0,0,0,0,0,0
0,22,38831,1,0,0,0,0,0,1,0,0,0,0
0,21,31457,0,1,0,0,0,0,1,0,0,0,0
0,25,43475,0,0,1,0,0,0,1,0,0,0,0
0,24,34971,1,0,0,0,0,0,0,0,0,1,0
0,20,37073,0,1,0,0,1,0,0,0,0,0,0
0,21,36125,1,0,0,0,0,0,0,0,0,1,0
0,21,27680,0,1,0,0,0,0,0,0,0,1,0
0,23,25010,0,1,0,0,0,0,0,0,0,0,1
0,21,33634,0,0,1,0,0,0,0,0,0,0,1
0,22,47787,0,0,1,0,1,0,0,0,0,0,0
0,20,46942,1,0,0,0,1,0,0,0,0,0,0
0,21,38076,1,0,0,0,0,0,1,0,0,0,0
0,21,40004,0,0,1,0,0,0,0,0,0,1,0
0,23,35808,0,1,0,0,1,0,0,0,0,0,0
0,24,30511,1,0,0,0,0,0,0,0,0,0,1
0,21,42821,0,0,1,0,0,0,1,0,0,0,0
0,21,31878,0,0,1,0,0,0,0,0,0,0,1
0,21,36278,1,0,0,0,0,0,0,0,0,1,0
0,23,34402,1,0,0,0,0,0,0,0,0,1,0
0,20,42125,0,0,0,1,0,0,0,0,0,1,0
0,23,44825,1,0,0,0,1,0,0,0,0,0,0
0,22,37985,0,0,1,0,0,0,0,0,0,1,0
0,22,29740,1,0,0,0,0,0,0,0,0,0,1
0,24,44566,1,0,0,0,1,0,0,0,0,0,0
0,20,45794,0,0,1,0,0,0,1,0,0,0,0
0,21,50353,0,0,1,0,1,0,0,0,0,0,0
0,20,38421,0,0,1,0,0,0,0,0,0,1,0
0,20,44086,0,0,1,0,0,0,1,0,0,0,0
0,24,47347,0,0,1,0,1,0,0,0,0,0,0
0,21,33441,1,0,0,0,0,0,0,0,0,1,0
0,25,46403,0,0,0,1,0,0,1,0,0,0,0
0,25,42626,0,0,1,0,0,0,1,0,0,0,0
0,24,35714,1,0,0,0,0,0,0,0,0,1,0
0,22,43708,0,0,1,0,0,0,1,0,0,0,0
0,25,28983,0,1,0,0,0,0,0,0,0,1,0
0,23,39878,1,0,0,0,0,0,1,0,0,0,0
0,23,43588,1,0,0,0,1,0,0,0,0,0,0
0,21,43201,0,0,1,0,0,0,1,0,0,0,0
0,24,43501,0,0,1,0,0,0,1,0,0,0,0
0,21,36710,1,0,0,0,0,0,0,0,0,1,0
0,23,29150,1,0,0,0,0,0,0,0,0,0,1
0,20,32207,0,0,1,0,0,0,0,0,0,0,1
0,22,38174,0,0,1,0,0,0,0,0,0,1,0
0,24,40831,1,0,0,0,0,0,1,0,0,0,0
0,20,39989,0,0,1,0,0,0,0,0,0,1,0
0,22,34370,1,0,0,0,0,0,0,0,0,1,0
0,22,56669,0,0,0,1,1,0,0,0,0,0,0
0,20,39731,1,0,0,0,0,0,1,0,0,0,0
0,20,32805,0,0,1,0,0,0,0,0,0,0,1
0,23,43538,1,0,0,0,1,0,0,0,0,0,0
0,21,46601,1,0,0,0,1,0,0,0,0,0,0
0,20,39587,1,0,0,0,0,0,1,0,0,0,0
0,24,23498,0,1,0,0,0,0,0,0,0,0,1
0,24,34105,0,0,1,0,0,0,0,0,0,0,1
0,24,31602,0,1,0,0,0,0,1,0,0,0,0
0,20,39201,1,0,0,0,0,0,1,0,0,0,0
0,21,34958,0,1,0,0,1,0,0,0,0,0,0
0,25,48902,0,0,1,0,1,0,0,0,0,0,0
0,25,33375,1,0,0,0,0,0,0,0,0,1,0
0,21,34648,1,0,0,0,0,0,0,0,0,1,0
0,25,36486,1,0,0,0,0,0,0,0,0,1,0
0,20,45913,0,0,0,1,0,0,1,0,0,0,0
0,22,39060,1,0,0,0,0,0,1,0,0,0,0
0,22,37062,0,0,1,0,0,0,0,0,0,1,0
0,23,34834,0,1,0,0,1,0,0,0,0,0,0
0,21,36043,1,0,0,0,0,0,0,0,0,1,0
0,21,39670,1,0,0,0,0,0,1,0,0,0,0
0,20,35280,1,0,0,0,0,0,0,0,0,1,0
0,22,37916,0,0,1,0,0,0,0,0,0,1,0
0,22,45993,1,0,0,0,1,0,0,0,0,0,0
0,25,37886,0,0,1,0,0,0,0,0,0,1,0
0,22,37758,0,0,0,1,0,0,0,0,0,0,1
0,22,31438,0,0,1,0,0,0,0,0,0,0,1
0,23,45718,1,0,0,0,1,0,0,0,0,0,0
0,20,29116,1,0,0,0,0,0,0,0,0,0,1
0,24,38440,1,0,0,0,0,0,1,0,0,0,0
0,21,36110,0,1,0,0,1,0,0,0,0,0,0
0,25,47229,1,0,0,0,1,0,0,0,0,0,0
0,20,43514,0,0,1,0,0,0,1,0,0,0,0
0,24,35270,1,0,0,0,0,0,0,0,0,1,0
0,21,39719,1,0,0,0,0,0,1,0,0,0,0
0,23,45022,1,0,0,0,1,0,0,0,0,0,0
0,22,28588,1,0,0,0,0,0,0,0,0,0,1
0,25,31573,0,0,1,0,0,0,0,0,0,0,1
0,22,43424,1,0,0,0,1,0,0,0,0,0,0
0,24,35753,1,0,0,0,0,0,0,0,0,1,0
0,22,25180,0,1,0,0,0,0,0,0,0,0,1
0,23,32317,0,1,0,0,0,0,1,0,0,0,0
0,22,31557,0,0,1,0,0,0,0,0,0,0,1
0,24,24522,0,1,0,0,0,0,0,0,0,0,1
0,21,31687,0,1,0,0,0,0,1,0,0,0,0
0,22,33572,0,1,0,0,0,0,1,0,0,0,0
0,25,33671,0,0,1,0,0,0,0,0,0,0,1
0,20,34302,1,0,0,0,0,0,0,0,0,1,0
0,21,51469,0,0,0,1,1,0,0,0,0,0,0
0,22,34420,1,0,0,0,0,0,0,0,0,1,0
0,25,34249,0,0,1,0,0,0,0,0,0,0,1
0,25,29030,1,0,0,0,0,0,0,0,0,0,1
0,21,49618,0,0,1,0,1,0,0,0,0,0,0
0,20,43194,0,0,1,0,0,0,1,0,0,0,0
0,22,40266,1,0,0,0,0,0,1,0,0,0,0
0,22,30581,0,1,0,0,0,0,1,0,0,0,0
0,25,31434,1,0,0,0,0,0,0,0,0,0,1
0,23,33320,1,0,0,0,0,0,0,0,0,1,0
0,24,45938,0,0,1,0,0,0,1,0,0,0,0
0,25,38301,0,0,1,0,0,0,0,0,0,1,0
0,24,29120,1,0,0,0,0,0,0,0,0,0,1
0,22,31729,0,1,0,0,0,0,1,0,0,0,0
0,23,29139,1,0,0,0,0,0,0,0,0,0,1
0,20,25042,0,1,0,0,0,0,0,0,0,0,1
0,25,33945,1,0,0,0,0,0,0,0,0,1,0
0,24,32583,0,1,0,0,0,0,1,0,0,0,0
0,22,45284,1,0,0,0,1,0,0,0,0,0,0
0,25,38150,0,0,1,0,0,0,0,0,0,1,0
0,23,35622,1,0,0,0,0,0,0,0,0,1,0
0,23,30505,1,0,0,0,0,0,0,0,0,0,1
0,25,24985,0,1,0,0,0,0,0,0,0,0,1
0,24,39693,0,0,1,0,0,0,0,0,0,1,0
0,23,29737,1,0,0,0,0,0,0,0,0,0,1
0,23,23269,0,1,0,0,0,0,0,0,0,0,1
0,23,47103,1,0,0,0,1,0,0,0,0,0,0
0,25,30653,1,0,0,0,0,0,0,0,0,0,1
0,21,29963,1,0,0,0,0,0,0,0,0,0,1
0,25,29895,1,0,0,0,0,0,0,0,0,0,1
0,22,33522,1,0,0,0,0,0,0,0,0,1,0
0,23,39757,0,0,1,0,0,0,0,0,0,1,0
0,21,24628,0,1,0,0,0,0,0,0,0,0,1
0,25,45082,1,0,0,0,1,0,0,0,0,0,0
0,23,33144,0,1,0,0,0,0,1,0,0,0,0
0,25,32242,0,0,1,0,0,0,0,0,0,0,1
0,22,31234,1,0,0,0,0,0,0,0,0,0,1
0,23,35206,1,0,0,0,0,0,0,0,0,1,0
0,22,38652,0,0,1,0,0,0,0,0,0,1,0
0,25,51922,0,0,1,0,1,0,0,0,0,0,0
0,25,44707,1,0,0,0,1,0,0,0,0,0,0
0,23,34330,1,0,0,0,0,0,0,0,0,1,0
0,20,44560,1,0,0,0,1,0,0,0,0,0,0
0,22,35596,1,0,0,0,0,0,0,0,0,1,0
0,20,24765,0,1,0,0,0,0,0,0,0,0,1
0,21,48340,0,0,0,1,0,0,1,0,0,0,0
0,22,29924,1,0,0,0,0,0,0,0,0,0,1
0,25,27841,0,1,0,0,0,0,0,0,0,1,0
0,23,31277,1,0,0,0,0,0,0,0,0,0,1
0,21,23038,0,1,0,0,0,0,0,0,0,0,1
0,25,47074,1,0,0,0,1,0,0,0,0,0,0
0,22,31400,1,0,0,0,0,0,0,0,0,0,1
0,25,45395,1,0,0,0,1,0,0,0,0,0,0
0,25,33282,1,0,0,0,0,0,0,0,0,1,0
0,20,32612,0,1,0,0,0,0,1,0,0,0,0
0,20,43201,1,0,0,0,1,0,0,0,0,0,0
0,23,32858,0,0,1,0,0,0,0,0,0,0,1
0,22,35354,0,1,0,0,1,0,0,0,0,0,0
0,21,35219,1,0,0,0,0,0,0,0,0,1,0
0,22,49487,0,0,1,0,1,0,0,0,0,0,0
0,20,45813,1,0,0,0,1,0,0,0,0,0,0
0,25,30880,1,0,0,0,0,0,0,0,0,0,1
0,20,24442,0,1,0,0,0,0,0,0,0,0,1
0,24,44889,0,0,1,0,0,0,1,0,0,0,0
0,21,43730,1,0,0,0,1,0,0,0,0,0,0
0,23,24275,0,1,0,0,0,0,0,0,0,0,1
0,23,37763,0,1,0,0,1,0,0,0,0,0,0
0,22,38192,0,0,1,0,0,0,0,0,0,1,0
0,24,45319,1,0,0,0,1,0,0,0,0,0,0
0,23,45811,0,0,0,1,0,0,1,0,0,0,0
0,24,40098,0,0,1,0,0,0,0,0,0,1,0
0,22,30409,1,0,0,0,0,0,0,0,0,0,1
0,23,28612,0,1,0,0,0,0,0,0,0,1,0
0,20,44018,0,0,1,0,0,0,1,0,0,0,0
0,20,40939,1,0,0,0,0,0,1,0,0,0,0
0,25,33775,0,0,1,0,0,0,0,0,0,0,1
0,20,28638,1,0,0,0,0,0,0,0,0,0,1
0,21,46678,1,0,0,0,1,0,0,0,0,0,0
0,21,36048,1,0,0,0,0,0,0,0,0,1,0
0,24,23730,0,1,0,0,0,0,0,0,0,0,1
0,21,36001,1,0,0,0,0,0,0,0,0,1,0
0,25,37248,0,0,1,0,0,0,0,0,0,1,0
0,20,36984,0,0,1,0,0,0,0,0,0,1,0
0,20,51955,0,0,1,0,1,0,0,0,0,0,0
0,25,48442,0,0,0,1,0,0,1,0,0,0,0
0,25,33833,1,0,0,0,0,0,0,0,0,1,0
0,24,23404,0,1,0,0,0,0,0,0,0,0,1
0,22,39076,1,0,0,0,0,0,1,0,0,0,0
0,21,29571,1,0,0,0,0,0,0,0,0,0,1
0,20,32389,0,0,1,0,0,0,0,0,0,0,1
0,22,24501,0,1,0,0,0,0,0,0,0,0,1
0,22,44785,0,0,1,0,0,0,1,0,0,0,0
0,20,38573,1,0,0,0,0,0,1,0,0,0,0
0,23,35693,1,0,0,0,0,0,0,0,0,1,0
0,23,56599,0,0,0,1,1,0,0,0,0,0,0
0,25,34538,0,1,0,0,1,0,0,0,0,0,0
0,23,44841,1,0,0,0,1,0,0,0,0,0,0
0,23,49703,0,0,1,0,1,0,0,0,0,0,0
0,24,40253,0,0,1,0,0,0,0,0,0,1,0
0,23,30843,1,0,0,0,0,0,0,0,0,0,1
0,23,34588,1,0,0,0,0,0,0,0,0,1,0
0,23,30950,1,0,0,0,0,0,0,0,0,0,1
0,22,28510,1,0,0,0,0,0,0,0,0,0,1
0,21,38309,0,0,1,0,0,0,0,0,0,1,0
0,22,28941,0,1,0,0,0,0,0,0,0,1,0
0,20,29056,1,0,0,0,0,0,0,0,0,0,1
0,24,30453,1,0,0,0,0,0,0,0,0,0,1
0,22,43018,0,0,1,0,0,0,1,0,0,0,0
0,21,39594,1,0,0,0,0,0,1,0,0,0,0
0,21,48337,0,0,1,0,1,0,0,0,0,0,0
0,23,26956,0,1,0,0,0,0,0,0,0,1,0
0,21,38458,0,0,1,0,0,0,0,0,0,1,0
0,20,29680,1,0,0,0,0,0,0,0,0,0,1
0,22,37611,0,1,0,0,1,0,0,0,0,0,0
0,23,43266,1,0,0,0,1,0,0,0,0,0,0
0,24,41685,1,0,0,0,0,0,1,0,0,0,0
0,23,36490,0,1,0,0,1,0,0,0,0,0,0
0,25,31806,0,0,1,0,0,0,0,0,0,0,1
0,22,41501,1,0,0,0,0,0,1,0,0,0,0
0,21,34440,1,0,0,0,0,0,0,0,0,1,0
0,25,51843,0,0,1,0,1,0,0,0,0,0,0
0,23,33517,0,1,0,0,0,0,1,0,0,0,0
0,20,37415,0,0,0,1,0,0,0,0,0,0,1
0,22,23322,0,1,0,0,0,0,0,0,0,0,1
0,24,40772,1,0,0,0,0,0,1,0,0,0,0
0,22,28776,1,0,0,0,0,0,0,0,0,0,1
0,22,44039,1,0,0,0,1,0,0,0,0,0,0
0,24,44262,0,0,1,0,0,0,1,0,0,0,0
0,23,39654,1,0,0,0,0,0,1,0,0,0,0
0,21,35029,0,1,0,0,1,0,0,0,0,0,0
0,20,34044,0,0,1,0,0,0,0,0,0,0,1
0,25,31650,0,0,1,0,0,0,0,0,0,0,1
0,22,29754,1,0,0,0,0,0,0,0,0,0,1
0,22,30553,1,0,0,0,0,0,0,0,0,0,1
0,20,44217,1,0,0,0,1,0,0,0,0,0,0
0,20,34127,1,0,0,0,0,0,0,0,0,1,0
0,20,37127,0,0,1,0,0,0,0,0,0,1,0
0,20,45179,1,0,0,0,1,0,0,0,0,0,0
0,24,49702,0,0,1,0,1,0,0,0,0,0,0
0,20,30300,1,0,0,0,0,0,0,0,0,0,1
0,22,36598,0,1,0,0,1,0,0,0,0,0,0
0,24,45087,1,0,0,0,1,0,0,0,0,0,0
0,20,36401,0,0,0,1,0,0,0,0,0,0,1
0,21,35153,0,0,0,1,0,0,0,0,0,0,1
0,24,31793,0,0,1,0,0,0,0,0,0,0,1
0,22,30871,1,0,0,0,0,0,0,0,0,0,1
0,24,33143,0,0,1,0,0,0,0,0,0,0,1
0,21,35422,1,0,0,0,0,0,0,0,0,1,0
0,22,44577,0,0,1,0,0,0,1,0,0,0,0
0,24,46446,1,0,0,0,1,0,0,0,0,0,0
0,20,50887,0,0,1,0,1,0,0,0,0,0,0
0,21,43124,0,0,1,0,0,0,1,0,0,0,0
0,20,45942,0,0,1,0,0,0,1,0,0,0,0
0,21,30060,1,0,0,0,0,0,0,0,0,0,1
0,23,28854,1,0,0,0,0,0,0,0,0,0,1
0,25,37064,0,0,1,0,0,0,0,0,0,1,0
0,24,44013,1,0,0,0,1,0,0,0,0,0,0
0,22,49179,0,0,1,0,1,0,0,0,0,0,0
0,23,45790,1,0,0,0,1,0,0,0,0,0,0
0,21,45702,0,0,1,0,0,0,1,0,0,0,0
0,22,43269,1,0,0,0,1,0,0,0,0,0,0
0,22,32154,0,0,1,0,0,0,0,0,0,0,1
0,22,37251,0,0,1,0,0,0,0,0,0,1,0
0,25,36208,1,0,0,0,0,0,0,0,0,1,0
0,23,34381,1,0,0,0,0,0,0,0,0,1,0
0,21,47298,0,0,1,0,1,0,0,0,0,0,0
0,25,33309,0,0,1,0,0,0,0,0,0,0,1
0,25,46928,1,0,0,0,1,0,0,0,0,0,0
0,20,23644,0,1,0,0,0,0,0,0,0,0,1
0,23,49906,0,0,1,0,1,0,0,0,0,0,0
0,24,29901,1,0,0,0,0,0,0,0,0,0,1
0,21,33648,1,0,0,0,0,0,0,0,0,1,0
0,20,33307,0,0,1,0,0,0,0,0,0,0,1
0,21,36906,0,1,0,0,1,0,0,0,0,0,0
0,25,42184,0,0,1,0,0,0,1,0,0,0,0
0,23,36719,0,1,0,0,1,0,0,0,0,0,0
0,20,36847,0,0,1,0,0,0,0,0,0,1,0
0,22,45010,0,0,1,0,0,0,1,0,0,0,0
0,21,36108,0,1,0,0,1,0,0,0,0,0,0
0,24,44165,0,0,1,0,0,0,1,0,0,0,0
0,22,34431,1,0,0,0,0,0,0,0,0,1,0
0,20,46729,1,0,0,0,1,0,0,0,0,0,0
0,22,30649,1,0,0,0,0,0,0,0,0,0,1
0,21,35986,0,1,0,0,1,0,0,0,0,0,0
0,24,42830,1,0,0,0,1,0,0,0,0,0,0
0,21,38584,1,0,0,0,0,0,1,0,0,0,0
0,22,26971,0,1,0,0,0,0,0,0,0,1,0
0,20,31162,0,1,0,0,0,0,1,0,0,0,0
0,21,30108,1,0,0,0,0,0,0,0,0,0,1
0,25,24907,0,1,0,0,0,0,0,0,0,0,1
0,25,25195,0,1,0,0,0,0,0,0,0,0,1
0,24,32046,0,1,0,0,0,0,1,0,0,0,0
0,21,33027,0,0,1,0,0,0,0,0,0,0,1
0,20,30667,1,0,0,0,0,0,0,0,0,0,1
0,22,37360,0,0,1,0,0,0,0,0,0,1,0
0,21,36656,0,0,1,0,0,0,0,0,0,1,0
0,24,32845,0,0,1,0,0,0,0,0,0,0,1
0,24,49066,0,0,1,0,1,0,0,0,0,0,0
0,24,30749,0,1,0,0,0,0,1,0,0,0,0
0,22,46851,1,0,0,0,1,0,0,0,0,0,0
0,23,35730,1,0,0,0,0,0,0,0,0,1,0
0,20,39721,1,0,0,0,0,0,1,0,0,0,0
0,25,32700,0,0,1,0,0,0,0,0,0,0,1
0,20,45646,0,0,1,0,0,0,1,0,0,0,0
0,25,38904,1,0,0,0,0,0,1,0,0,0,0
0,21,31484,0,1,0,0,0,0,1,0,0,0,0
0,22,44161,1,0,0,0,1,0,0,0,0,0,0
0,23,32796,0,1,0,0,0,0,1,0,0,0,0
0,22,37564,0,0,1,0,0,0,0,0,0,1,0
0,25,41857,0,0,1,0,0,0,1,0,0,0,0
0,21,36678,0,1,0,0,1,0,0,0,0,0,0
0,20,35066,0,0,0,1,0,0,0,0,0,0,1
0,24,36437,1,0,0,0,0,0,0,0,0,1,0
0,20,51478,0,0,0,1,1,0,0,0,0,0,0
0,23,39171,0,0,1,0,0,0,0,0,0,1,0
0,24,36192,1,0,0,0,0,0,0,0,0,1,0
0,20,41075,1,0,0,0,0,0,1,0,0,0,0
0,24,44983,1,0,0,0,1,0,0,0,0,0,0
0,25,40136,0,0,1,0,0,0,0,0,0,1,0
0,21,34956,1,0,0,0,0,0,0,0,0,1,0
0,24,46606,1,0,0,0,1,0,0,0,0,0,0
0,20,50955,0,0,1,0,1,0,0,0,0,0,0
0,20,38226,1,0,0,0,0,0,1,0,0,0,0
0,23,49950,0,0,1,0,1,0,0,0,0,0,0
0,21,34374,1,0,0,0,0,0,0,0,0,1,0
0,24,30689,1,0,0,0,0,0,0,0,0,0,1
0,20,29547,1,0,0,0,0,0,0,0,0,0,1
0,23,30089,1,0,0,0,0,0,0,0,0,0,1
0,21,33835,1,0,0,0,0,0,0,0,0,1,0
0,20,30523,1,0,0,0,0,0,0,0,0,0,1
